Year,County_of_Residence,County_of_Residence_FIPS,Births,Ave_Age_of_Mother,Ave_OE_Gestational_Age_Wks,Ave_LMP_Gestational_Age_Wks,Ave_Birth_Weight_gms,Ave_Pre_pregnancy_BMI,Ave_Number_of_Prenatal_Wks
2018-01-01,"Calhoun County, AL",1015,1265,26.67,38.11,38.25,"3,168.14",28.85,10.45
2018-01-01,"Tulsa County, OK",40143,8933,28.13,38.18,38.25,"3,243.39",27.58,11.04
2018-01-01,"Carroll County, GA",13045,1540,27.2,38.5,38.5,"3,253.35",27.98,10.75
2018-01-01,"Saginaw County, MI",26145,2182,27.41,38.75,38.5,"3,226.90",28.85,11.58
2018-01-01,"Hillsborough County, FL",12057,17126,28.97,38.41,38.5,"3,230.36",26.75,10.64
2018-01-01,"Lake County, IN",18089,5785,28.12,38.41,38.5,"3,243.64",28.19,10.72
2018-01-01,"St. Tammany Parish, LA",22103,2932,29.12,38.31,38.5,"3,263.36",27,11.29
2018-01-01,"Osceola County, FL",12097,4437,28.64,38.3,38.5,"3,231.13",27.08,11.4
2018-01-01,"Sarpy County, NE",31153,2386,29.43,38.3,38.5,"3,344.03",26.98,12.4
2018-01-01,"Kane County, IL",17089,6337,29.63,38.29,38.5,"3,288.64",27.56,11.43
2018-01-01,"San Juan County, NM",35045,1444,27.5,38.62,38.5,"3,236.43",28.31,9.67
2018-01-01,"Douglas County, KS",20045,1116,29.43,38.44,38.5,"3,277.79",27.26,11.73
2018-01-01,"Denton County, TX",48121,9857,30.03,38.44,38.5,"3,291.52",26.38,10.85
2018-01-01,"Hays County, TX",48209,2572,29.41,38.35,38.5,"3,307.68",27.08,10.98
2018-01-01,"Davis County, UT",49011,5302,29.18,38.34,38.5,"3,277.75",26.28,11.4
2018-01-01,"Manatee County, FL",12081,3452,28.56,38.5,38.75,"3,293.64",27.28,11.04
2018-01-01,"New Haven County, CT",9009,8519,30.06,38.57,38.75,"3,280.80",27.47,13.18
2018-01-01,"San Mateo County, CA",6081,8330,32.38,38.65,38.75,"3,292.79",25.1,11.57
2018-01-01,"San Luis Obispo County, CA",6079,2445,30.08,38.64,38.75,"3,354.12",26.48,12.84
2018-01-01,"Canyon County, ID",16027,2918,27.71,38.47,38.75,"3,302.05",27.78,10.79
2018-01-01,"Cherokee County, GA",13057,2562,29.75,38.46,38.75,"3,319.59",26.94,11.79
2018-01-01,"Stanislaus County, CA",6099,7364,28.52,38.6,38.75,"3,334.05",28.31,13.14
2018-01-01,"Monterey County, CA",6053,5895,28.87,38.68,38.75,"3,318.25",27.98,12.25
2018-01-01,"Orange County, NY",36071,5065,29.74,38.83,39,"3,305.78",26.85,9.79
2018-01-01,"Marin County, CA",6041,2127,33.34,38.89,39,"3,373.09",24.97,10.28
2018-01-01,"Rapides Parish, LA",22079,1717,26.85,38.07,35.5,"3,153.45",28.03,10.82
2018-01-01,"Bossier Parish, LA",22015,1693,27.67,37.95,38.08,"3,181.81",27.55,11.62
2018-01-01,"Lexington County, SC",45063,3224,28.41,38.29,38.33,"3,263.56",28.38,11.41
2018-01-01,"Henry County, GA",13151,2705,28.65,38.11,38.33,"3,158.09",28.03,10.65
2018-01-01,"Orleans Parish, LA",22071,4656,29.09,38.09,38.33,"3,107.58",27.08,11.23
2018-01-01,"Miami-Dade County, FL",12086,31032,30.24,38.34,38.33,"3,227.87",25.84,11.9
2018-01-01,"Pulaski County, AR",5119,5123,28.06,38.17,38.33,"3,172.79",28.02,10.28
2018-01-01,"Brazos County, TX",48041,2584,28.32,38.33,38.58,"3,263.53",27.13,9.89
2018-01-01,"Salt Lake County, UT",49035,15998,29.02,38.41,38.58,"3,242.21",26.34,11.01
2018-01-01,"Clark County, NV",32003,26773,28.85,38.4,38.58,"3,219.97",26.66,11.89
2018-01-01,"Sullivan County, TN",47163,1506,27.36,38.46,38.58,"3,283.37",27.58,10.66
2018-01-01,"Jefferson County, KY",21111,9584,28.6,38.29,38.58,"3,248.57",27.2,11.77
2018-01-01,"Bronx County, NY",36005,20121,29.22,38.54,38.58,"3,194.43",27.29,10.16
2018-01-01,"Lake County, FL",12069,3368,28.48,38.35,38.58,"3,249.44",27.28,9.83
2018-01-01,"Unidentified Counties, MO",29999,30650,27.16,38.42,38.58,"3,289.12",27.61,11.05
2018-01-01,"Henrico County, VA",51087,3911,30.1,38.49,38.83,"3,268.36",26.96,11.79
2018-01-01,"Yolo County, CA",6113,2135,30.25,38.72,38.83,"3,367.47",27.38,12.16
2018-01-01,"Northampton County, PA",42095,2909,29.59,38.72,38.83,"3,289.97",27.24,13.91
2018-01-01,"Scott County, MN",27139,1717,30.74,38.63,38.83,"3,364.07",27.07,12.24
2018-01-01,"Lane County, OR",41039,3327,29.1,38.71,38.83,"3,347.40",27.11,11.92
2018-01-01,"Tazewell County, IL",17179,1391,28.63,38.54,38.83,"3,379.54",28.11,12.09
2018-01-01,"Unidentified Counties, WI",55999,20974,28.89,38.62,38.83,"3,377.02",28.21,11.64
2018-01-01,"Clark County, WA",53011,5482,29.21,38.77,38.83,"3,339.43",26.8,11.11
2018-01-01,"Randolph County, NC",37151,1520,27.65,38.42,38.83,"3,286.17",28.12,11.21
2018-01-01,"Ocean County, NJ",34029,9015,29.58,38.88,39.08,"3,344.46",25.4,10.96
2018-01-01,"St. Louis city, MO",29510,4127,28.67,38.15,38.16,"3,124.88",27.27,9.79
2018-01-01,"Nueces County, TX",48355,4569,27.57,38.15,38.16,"3,212.21",28.37,8.92
2018-01-01,"Marion County, IN",18097,14036,28.2,38.33,38.41,"3,228.69",28.33,10.78
2018-01-01,"El Paso County, TX",48141,11721,27.09,38.32,38.41,"3,194.88",27.04,9.84
2018-01-01,"Alachua County, FL",12001,2733,29.17,38.26,38.41,"3,189.99",26.97,10.74
2018-01-01,"Gwinnett County, GA",13135,10855,29.89,38.34,38.41,"3,209.30",26.73,12.24
2018-01-01,"Wilson County, TN",47189,1651,28.94,38.34,38.41,"3,287.09",26.71,11.79
2018-01-01,"Craven County, NC",37049,1337,26.94,38.5,38.66,"3,257.81",27.84,12.56
2018-01-01,"Rock County, WI",55105,1869,27.95,38.32,38.66,"3,285.34",28.45,11.79
2018-01-01,"Luzerne County, PA",42079,3310,28.2,38.48,38.66,"3,250.38",27.41,11.87
2018-01-01,"Atlantic County, NJ",34001,2797,28.97,38.56,38.66,"3,268.27",27.25,9.96
2018-01-01,"Hernando County, FL",12053,1617,27.94,38.38,38.66,"3,272.60",26.67,11.21
2018-01-01,"Denver County, CO",8031,9424,30.26,38.63,38.66,"3,177.99",25.93,10.62
2018-01-01,"Warren County, OH",39165,2306,29.88,38.46,38.66,"3,328.96",26.51,11.98
2018-01-01,"Citrus County, FL",12017,1025,27.49,38.37,38.66,"3,266.28",27.98,10.36
2018-01-01,"Porter County, IN",18127,1677,28.86,38.53,38.66,"3,343.58",28.05,10.74
2018-01-01,"Durham County, NC",37063,4152,29.91,38.52,38.66,"3,252.58",26.94,13.53
2018-01-01,"Olmsted County, MN",27109,2035,30.36,38.83,38.91,"3,354.74",26.61,9.47
2018-01-01,"Cowlitz County, WA",53015,1235,27.54,38.64,38.91,"3,360.75",27.97,12.12
2018-01-01,"St. Lawrence County, NY",36089,1080,27.85,38.7,38.91,"3,361.77",29.35,10.58
2018-01-01,"Allen County, OH",39003,1248,27.23,38.12,38.24,"3,234.87",28.01,11.88
2018-01-01,"Bibb County, GA",13021,2063,26.92,37.93,38.24,"3,078.70",28.48,12.17
2018-01-01,"Peoria County, IL",17143,2504,27.86,38.25,38.49,"3,232.15",28.43,11.43
2018-01-01,"Fulton County, GA",13121,12652,30.02,38.3,38.49,"3,152.20",26.43,10.98
2018-01-01,"Washington County, AR",5143,3227,27.89,38.28,38.49,"3,249.12",27.24,10.57
2018-01-01,"Unidentified Counties, KS",20999,16535,27.53,38.44,38.49,"3,300.32",27.87,11.01
2018-01-01,"Coweta County, GA",13077,1575,28.65,38.17,38.49,"3,241.87",27.42,11.62
2018-01-01,"Jefferson County, CO",8059,5654,30.8,38.75,38.74,"3,213.86",25.4,10.32
2018-01-01,"Unidentified Counties, MN",27999,22480,28.85,38.58,38.74,"3,375.57",27.98,11.37
2018-01-01,"Greene County, MO",29077,3309,27.63,38.49,38.74,"3,329.12",27.16,11.48
2018-01-01,"Johnson County, IA",19103,1735,30.63,38.55,38.74,"3,339.94",26.11,11.09
2018-01-01,"Eaton County, MI",26045,1106,28.38,38.79,38.74,"3,349.34",28.17,14.55
2018-01-01,"Sheboygan County, WI",55117,1270,28.86,38.61,38.74,"3,338.49",27.69,12.27
2018-01-01,"Worcester County, MA",25027,8335,30.11,38.59,38.74,"3,289.90",27.08,11.56
2018-01-01,"Clackamas County, OR",41005,3886,30.22,38.82,38.99,"3,393.70",26.84,11.74
2018-01-01,"Santa Cruz County, CA",6087,2449,30.64,38.81,38.99,"3,345.75",26.59,12.74
2018-01-01,"Whatcom County, WA",53073,2161,29.66,38.84,38.99,"3,405",26.4,10.4
2018-01-01,"Boone County, MO",29019,2050,29.19,38.41,38.32,"3,251.52",26.87,11.25
2018-01-01,"Gregg County, TX",48183,1644,26.73,38.07,38.32,"3,213.49",27.94,11.26
2018-01-01,"Madison County, IL",17119,2865,28.42,38.15,38.32,"3,227.49",28.46,10.87
2018-01-01,"Madison County, IN",18095,1409,26.67,38.23,38.32,"3,243.34",28.26,11.37
2018-01-01,"Livingston Parish, LA",22063,1771,27.37,38.2,38.32,"3,252.71",27.81,11.2
2018-01-01,"Guadalupe County, TX",48187,1848,28.66,38.19,38.32,"3,269.54",27.74,10.51
2018-01-01,"Harris County, TX",48201,67095,28.82,38.19,38.32,"3,203.57",27.27,9.86
2018-01-01,"Allen County, IN",18003,5240,27.89,38.5,38.57,"3,248.63",27.8,11.53
2018-01-01,"Dallas County, TX",48113,38182,28.48,38.4,38.57,"3,235.31",25.92,9.77
2018-01-01,"Benton County, AR",5007,3778,28.32,38.31,38.57,"3,291.23",27.05,11.37
2018-01-01,"Minnehaha County, SD",46099,2891,28.93,38.64,38.57,"3,314.61",26.76,11.36
2018-01-01,"Hudson County, NJ",34017,10234,31.08,38.45,38.57,"3,206.60",25.47,10.26
2018-01-01,"Okaloosa County, FL",12091,2717,28.22,38.28,38.57,"3,267.95",26.76,12.24
2018-01-01,"Comanche County, OK",40031,1681,26.46,38.36,38.57,"3,258.82",27.63,10.57
2018-01-01,"Arapahoe County, CO",8005,7401,29.85,38.52,38.57,"3,181.65",26.4,10.19
2018-01-01,"Johnson County, TX",48251,2110,27.36,38.43,38.57,"3,313.48",27.78,9.35
2018-01-01,"Brunswick County, NC",37019,987,28.21,38.34,38.57,"3,258.77",27.53,11.18
2018-01-01,"Howard County, MD",24027,3405,31.64,38.42,38.57,"3,240.04",25.95,10.55
2018-01-01,"Ada County, ID",16001,4861,29.6,38.58,38.82,"3,311.90",26,12.12
2018-01-01,"Cumberland County, NC",37051,5401,27.22,38.32,38.82,"3,217.31",27.46,11.45
2018-01-01,"Dutchess County, NY",36027,2549,30.54,38.64,38.82,"3,328.57",27.83,12.01
2018-01-01,"York County, ME",23031,1865,29.47,38.63,38.82,"3,341.72",27.55,13.3
2018-01-01,"Wright County, MN",27171,1767,29.86,38.63,38.82,"3,423.11",27.3,11.57
2018-01-01,"Placer County, CA",6061,3663,30.99,38.78,38.82,"3,373.06",25.99,12.16
2018-01-01,"Unidentified Counties, PA",42999,15927,27.82,38.61,38.82,"3,310.50",27.75,11.12
2018-01-01,"Unidentified Counties, RI",44999,1015,30.95,38.79,39.07,"3,348.45",26.09,12.49
2018-01-01,"Muscogee County, GA",13215,2864,27.32,38.07,38.15,"3,148.08",27.32,11.53
2018-01-01,"Lee County, AL",1081,1810,28.18,38.24,38.4,"3,218.48",27.38,12.89
2018-01-01,"Muskegon County, MI",26121,2051,26.91,38.15,38.4,"3,218.18",28.37,11.03
2018-01-01,"Unidentified Counties, OK",40999,23234,26.68,38.23,38.4,"3,273.12",28.06,10.82
2018-01-01,"Milwaukee County, WI",55079,13032,28.53,38.23,38.4,"3,174.61",28.23,11.8
2018-01-01,"Broward County, FL",12011,21928,30.35,38.31,38.4,"3,197.63",26.43,10.38
2018-01-01,"Delaware County, IN",18035,1072,27.4,38.3,38.4,"3,286.31",28.3,11.6
2018-01-01,"Wayne County, MI",26163,22910,28.23,38.29,38.4,"3,175.08",28.2,11.57
2018-01-01,"Macon County, IL",17115,1269,27.05,38.27,38.4,"3,249.77",28.98,11.32
2018-01-01,"Cuyahoga County, OH",39035,13870,28.86,38.26,38.4,"3,182.93",27.5,11.74
2018-01-01,"Merced County, CA",6047,3875,27.98,38.5,38.65,"3,309.74",29.14,10.5
2018-01-01,"Schuylkill County, PA",42107,1272,27.87,38.5,38.65,"3,292.76",27.7,11.58
2018-01-01,"Monroe County, PA",42089,1518,29.09,38.58,38.65,"3,260.31",27.68,12.44
2018-01-01,"DuPage County, IL",17043,10298,31.2,38.49,38.65,"3,303.16",26.23,12.24
2018-01-01,"Schenectady County, NY",36093,1840,29.35,38.57,38.65,"3,267.93",28.38,11.49
2018-01-01,"Pinal County, AZ",4021,4498,27.81,38.48,38.65,"3,310.29",28.09,11.67
2018-01-01,"Montgomery County, MD",24031,12401,31.77,38.56,38.65,"3,293.84",25.84,11.23
2018-01-01,"Washington County, WI",55131,1300,30.32,38.39,38.65,"3,335.41",27.4,13.03
2018-01-01,"Unidentified Counties, CO",8999,8105,29,38.55,38.65,"3,156.18",26.33,10.6
2018-01-01,"Honolulu County, HI",15003,12168,29.7,38.38,38.65,"3,226.58",26.83,9.99
2018-01-01,"Johnson County, KS",20091,7140,30.65,38.54,38.65,"3,350.41",26.17,11.77
2018-01-01,"Santa Fe County, NM",35049,1180,28.78,38.45,38.65,"3,117.33",26.22,10.03
2018-01-01,"Hartford County, CT",9003,9239,30.06,38.42,38.65,"3,257.06",27.22,11.74
2018-01-01,"Iredell County, NC",37097,1891,28.62,38.42,38.65,"3,266.94",27.29,11.58
2018-01-01,"Unidentified Counties, OH",39999,30582,27.33,38.42,38.65,"3,303.36",27.84,11.54
2018-01-01,"El Dorado County, CA",6017,1674,30.5,38.74,38.9,"3,331.94",25.83,10.69
2018-01-01,"Cumberland County, PA",42041,2597,29.4,38.74,38.9,"3,342.85",26.85,10.69
2018-01-01,"King County, WA",53033,24347,31.57,38.73,38.9,"3,317.72",25.58,11.34
2018-01-01,"Unidentified Counties, WA",53999,12152,28.26,38.64,38.9,"3,359.64",27.63,10.94
2018-01-01,"Shasta County, CA",6089,1966,28.45,38.79,38.9,"3,334.30",26.86,11.11
2018-01-01,"Kitsap County, WA",53035,2994,28.93,38.7,38.9,"3,382.16",26.9,10.22
2018-01-01,"Oswego County, NY",36075,1217,28.14,38.81,39.15,"3,399",29.51,12.62
2018-01-01,"Unidentified Counties, LA",22999,18874,26.78,37.99,37.9,"3,168.63",28.54,11.93
2018-01-01,"Vigo County, IN",18167,1131,26.84,38.21,38.23,"3,261.14",27.86,11.41
2018-01-01,"Lubbock County, TX",48303,3896,27.34,38.33,38.48,"3,220.78",27.81,10.6
2018-01-01,"Charlotte County, FL",12015,1040,28.04,38.32,38.48,"3,213.50",27.61,9.35
2018-01-01,"Escambia County, FL",12033,3733,27.59,38.22,38.48,"3,220.72",27.7,10.48
2018-01-01,"Charleston County, SC",45019,4861,30.02,38.3,38.48,"3,228.74",26.5,10.69
2018-01-01,"Hardin County, KY",21093,1431,27.33,38.28,38.48,"3,284.02",28.61,9.92
2018-01-01,"Ellis County, TX",48139,2214,28.08,38.35,38.48,"3,293.55",27.89,10.17
2018-01-01,"Frederick County, MD",24021,2969,30.26,38.5,38.73,"3,322.29",26.61,10.91
2018-01-01,"Jackson County, MI",26075,1741,27.34,38.5,38.73,"3,267.48",28.2,12.11
2018-01-01,"Allegan County, MI",26005,1416,28.46,38.58,38.73,"3,392.26",27.94,12.04
2018-01-01,"Whitfield County, GA",13313,1300,27.32,38.41,38.73,"3,281.02",28.93,12.17
2018-01-01,"Warren County, NJ",34041,1020,30.3,38.56,38.73,"3,296.84",27.25,12.05
2018-01-01,"Ventura County, CA",6111,9065,30.08,38.64,38.73,"3,321.65",26.94,12.38
2018-01-01,"Berrien County, MI",26021,1674,28.1,38.63,38.73,"3,291.82",28.37,11.52
2018-01-01,"Kent County, MI",26081,8648,28.88,38.54,38.73,"3,306.64",27.77,11.67
2018-01-01,"Beaver County, PA",42007,1575,28.86,38.61,38.73,"3,293.48",27.22,11.44
2018-01-01,"Mercer County, PA",42085,1078,27.85,38.44,38.73,"3,254.28",27.28,10.85
2018-01-01,"Kenosha County, WI",55059,1788,28.61,38.52,38.73,"3,296.49",28.36,11.56
2018-01-01,"Adams County, CO",8001,6293,28.81,38.6,38.73,"3,199.97",27.48,10.33
2018-01-01,"Franklin County, MO",29071,1174,27.89,38.43,38.73,"3,322.01",27.98,11.79
2018-01-01,"Chesterfield County, VA",51041,3841,29.93,38.43,38.73,"3,289.78",27.67,11.34
2018-01-01,"Kings County, NY",36047,38574,30.39,38.68,38.73,"3,236.79",25.04,10.96
2018-01-01,"Suffolk County, MA",25025,9072,31.15,38.59,38.73,"3,244.73",26.04,11.85
2018-01-01,"Unidentified Counties, VT",50999,4040,29.26,38.74,38.98,"3,337.27",28.2,12.9
2018-01-01,"Unidentified Counties, NH",33999,2753,28.99,38.82,38.98,"3,365.34",27.44,12.5
2018-01-01,"Barnstable County, MA",25001,1496,30.74,38.78,38.98,"3,371.01",26.36,11.16
2018-01-01,"Ulster County, NY",36111,1546,29.83,38.85,38.98,"3,344.49",27.78,10.92
2018-01-01,"Kanawha County, WV",54039,1864,27.29,37.95,38.06,"3,216.66",27.7,10.7
2018-01-01,"Lafayette Parish, LA",22055,3242,28.42,38.24,38.31,"3,235.51",27.11,13.86
2018-01-01,"St. Louis County, MO",29189,11368,29.63,38.24,38.31,"3,217.56",26.95,11.03
2018-01-01,"Bexar County, TX",48029,26562,28.25,38.18,38.31,"3,226.31",27.75,10.75
2018-01-01,"Fond du Lac County, WI",55039,1073,28.62,38.41,38.56,"3,327.55",28.46,11.28
2018-01-01,"Unidentified Counties, IL",17999,21369,27.67,38.31,38.56,"3,291.15",28.51,12.11
2018-01-01,"St. Lucie County, FL",12111,3123,28.6,38.38,38.56,"3,237.11",27.47,10.15
2018-01-01,"Clay County, MO",29047,3105,29.08,38.46,38.56,"3,311.04",27.17,11.3
2018-01-01,"Berkeley County, SC",45015,2801,28.43,38.29,38.56,"3,256.49",28.2,10.86
2018-01-01,"Lee County, FL",12071,6793,28.57,38.37,38.56,"3,254.16",27.25,10.09
2018-01-01,"Greenville County, SC",45045,6225,28.92,38.37,38.56,"3,269.86",27.26,12.52
2018-01-01,"Monroe County, MI",26115,1468,28.51,38.44,38.56,"3,331.18",28.17,13.01
2018-01-01,"Bell County, TX",48027,5889,27.13,38.35,38.56,"3,229.86",27.31,11.49
2018-01-01,"San Francisco County, CA",6075,8697,33.31,38.75,38.81,"3,272.53",24.07,11.12
2018-01-01,"Berkshire County, MA",25003,1002,29.46,38.75,38.81,"3,287.72",26.99,11.98
2018-01-01,"Yuma County, AZ",4027,3034,27.06,38.57,38.81,"3,336.28",28.52,9.7
2018-01-01,"Hampden County, MA",25013,4926,28.55,38.57,38.81,"3,281.32",27.89,11.3
2018-01-01,"Missoula County, MT",30063,1063,29.63,38.57,38.81,"3,275.99",25.97,10.98
2018-01-01,"Ramsey County, MN",27123,7517,29.62,38.65,38.81,"3,281.27",27.13,11.33
2018-01-01,"Pierce County, WA",53053,11478,28.85,38.63,38.81,"3,337.81",27.62,11.08
2018-01-01,"Hennepin County, MN",27053,15845,30.91,38.71,38.81,"3,315.62",26.51,12
2018-01-01,"Solano County, CA",6095,5033,29.57,38.68,38.81,"3,330.54",27.67,11.36
2018-01-01,"Spotsylvania County, VA",51177,1503,29.06,38.42,38.81,"3,299.24",27.77,11.22
2018-01-01,"Plymouth County, MA",25023,5028,31.18,38.67,38.81,"3,341.90",26.56,12.33
2018-01-01,"Unidentified Counties, NJ",34999,1433,28.52,38.67,38.81,"3,315.64",27.56,9.91
2018-01-01,"Jackson County, OR",41029,2199,28.72,38.67,38.81,"3,335.41",26.84,11.64
2018-01-01,"Centre County, PA",42027,1171,30.06,38.97,39.06,"3,368.83",26.07,12.88
2018-01-01,"Sangamon County, IL",17167,2240,28.62,38.03,38.14,"3,178.69",28.67,11.33
2018-01-01,"Cameron County, TX",48061,6306,26.83,38.03,38.14,"3,192.97",28.5,11.11
2018-01-01,"Horry County, SC",45051,3153,28.08,38.24,38.39,"3,264.39",27.77,12.62
2018-01-01,"Baldwin County, AL",1003,2290,28.01,38.23,38.39,"3,258.78",27.28,11.41
2018-01-01,"Tangipahoa Parish, LA",22105,1916,26.97,38.39,38.39,"3,187.49",28.42,11.22
2018-01-01,"Unidentified Counties, AR",5999,20422,26.3,38.22,38.39,"3,215.35",28.48,10.38
2018-01-01,"Douglas County, NE",31055,8342,29.26,38.27,38.39,"3,277.48",26.9,12.17
2018-01-01,"Camden County, NJ",34007,6157,29.59,38.5,38.64,"3,254",28.04,10.07
2018-01-01,"Middlesex County, NJ",34023,8872,30.8,38.5,38.64,"3,238.65",26.51,10.69
2018-01-01,"Wood County, OH",39173,1267,28.83,38.4,38.64,"3,316.79",27.36,12.75
2018-01-01,"Unidentified Counties, NE",31999,10867,28.16,38.53,38.64,"3,325.66",27.51,11.15
2018-01-01,"Pasco County, FL",12101,5084,28.62,38.44,38.64,"3,275.23",27.09,10.88
2018-01-01,"Lycoming County, PA",42081,1202,27.79,38.34,38.64,"3,283.35",27.55,11.55
2018-01-01,"Harford County, MD",24025,2638,30.15,38.42,38.64,"3,323.43",27.41,11.36
2018-01-01,"Livingston County, MI",26093,1704,30.34,38.64,38.89,"3,369.81",26.89,14.39
2018-01-01,"Oneida County, NY",36065,2500,28.51,38.7,38.89,"3,321.31",28.11,12.18
2018-01-01,"Lancaster County, PA",42071,6975,28.83,38.7,38.89,"3,364.83",26.38,10.77
2018-01-01,"Unidentified Counties, ME",23999,3952,28.09,38.69,38.89,"3,340.39",28.32,13.03
2018-01-01,"Multnomah County, OR",41051,8211,30.86,38.77,38.89,"3,334.10",26.27,11.46
2018-01-01,"Richland County, SC",45079,4693,28.81,38.12,38.22,"3,173.16",28.78,11.68
2018-01-01,"Jefferson County, TX",48245,3468,27.02,38.19,38.22,"3,186.60",27.73,10.37
2018-01-01,"Montgomery County, TN",47125,3513,27.1,38.32,38.47,"3,274.52",26.71,11.89
2018-01-01,"Jackson County, MO",29095,9065,28.11,38.39,38.47,"3,231.80",27.49,10.53
2018-01-01,"Clarke County, GA",13059,1351,28.68,38.29,38.47,"3,180.32",27.73,10.01
2018-01-01,"Unidentified Counties, KY",21999,33368,26.73,38.2,38.47,"3,258.37",28.26,11.92
2018-01-01,"Clark County, OH",39023,1552,26.53,38.28,38.47,"3,264.25",28.58,10.24
2018-01-01,"Hamilton County, OH",39061,10835,28.8,38.36,38.47,"3,229.20",27,11.43
2018-01-01,"Grayson County, TX",48181,1662,26.72,38.27,38.47,"3,239.68",27.59,11.48
2018-01-01,"Waukesha County, WI",55133,3918,31.16,38.49,38.72,"3,364.92",26.47,13.35
2018-01-01,"Lebanon County, PA",42075,1562,27.94,38.55,38.72,"3,292.37",27.22,11.61
2018-01-01,"Davidson County, NC",37057,1751,27.41,38.21,38.72,"3,227.17",28.02,13.24
2018-01-01,"Washoe County, NV",32031,5399,28.84,38.46,38.72,"3,237.18",27,9.96
2018-01-01,"Union County, NC",37179,2456,29.74,38.53,38.72,"3,321.01",27.1,12.38
2018-01-01,"Harnett County, NC",37085,1845,28.4,38.36,38.72,"3,274.44",27.36,10.83
2018-01-01,"Indian River County, FL",12061,1294,28.79,38.44,38.72,"3,272.38",27.53,12.65
2018-01-01,"Fayette County, PA",42051,1326,27.28,38.44,38.72,"3,256.16",27.97,12.37
2018-01-01,"Bay County, MI",26017,947,27.83,38.78,38.97,"3,342.42",28.54,13.91
2018-01-01,"Caddo Parish, LA",22017,3072,26.99,37.79,37.72,"3,098.81",28.45,11.36
2018-01-01,"East Baton Rouge Parish, LA",22033,5780,28.15,38.01,38.05,"3,121.64",27.91,10.4
2018-01-01,"Unidentified Counties, MS",28999,25808,26.6,37.92,38.05,"3,128.06",28.93,11.61
2018-01-01,"Taylor County, TX",48441,2044,26.95,38.15,38.3,"3,226.55",27.49,9.72
2018-01-01,"Unidentified Counties, UT",49999,6460,28.05,38.33,38.55,"3,233.17",26.46,11.13
2018-01-01,"Fairfield County, OH",39045,1669,28.73,38.41,38.55,"3,282.31",27,11.48
2018-01-01,"Leon County, FL",12073,2915,28.73,38.4,38.55,"3,215.33",27.49,11.28
2018-01-01,"Macomb County, MI",26099,9171,29.26,38.4,38.55,"3,256.85",27.55,12.59
2018-01-01,"Ashtabula County, OH",39007,1108,27.11,38.39,38.55,"3,279.16",27.81,10.02
2018-01-01,"Larimer County, CO",8069,3219,30.1,38.54,38.55,"3,209.08",25.75,12.35
2018-01-01,"Beaufort County, SC",45013,1912,28.42,38.44,38.55,"3,257.45",26.93,11.71
2018-01-01,"Unidentified Counties, NM",35999,9360,26.93,38.43,38.55,"3,177.20",27.71,9.99
2018-01-01,"El Paso County, CO",8041,9107,28.47,38.42,38.55,"3,167.07",26.8,9.52
2018-01-01,"Westmoreland County, PA",42129,2849,29.2,38.56,38.8,"3,298.60",27.11,13.49
2018-01-01,"Hunterdon County, NJ",34019,968,32.36,38.62,38.8,"3,334.07",25.71,12.15
2018-01-01,"Richmond County, NY",36085,5186,30.78,38.61,38.8,"3,234.07",26.01,12.89
2018-01-01,"Norfolk County, MA",25021,7033,32.39,38.69,38.8,"3,323.12",25.32,12.11
2018-01-01,"Henderson County, NC",37089,1093,28.24,38.52,38.8,"3,294.30",27.05,13.42
2018-01-01,"Ontario County, NY",36069,966,29.62,38.6,38.8,"3,351.26",27.3,10.99
2018-01-01,"Butte County, CA",6007,2430,28.78,38.76,38.8,"3,344.58",27.39,11.14
2018-01-01,"Kootenai County, ID",16055,1732,28.46,38.71,39.05,"3,372.60",26.41,12.68
2018-01-01,"Calhoun County, MI",26025,1537,27.2,38.69,39.05,"3,292.08",28.11,13.95
2018-01-01,"Linn County, OR",41043,1518,28.03,38.77,39.05,"3,390.79",28.03,11.66
2018-01-01,"Unidentified Counties, MA",25999,802,30.54,39.02,39.05,"3,402.09",26.37,13.41
2018-01-01,"Spokane County, WA",53063,5737,28.63,38.6,39.05,"3,303",27.08,11.51
2018-01-01,"Ouachita Parish, LA",22073,2063,27.1,37.82,37.8,"3,093.91",29.12,11.6
2018-01-01,"Wyandotte County, KS",20209,2614,27.26,38.33,38.38,"3,218.73",28.42,10.25
2018-01-01,"Shawnee County, KS",20177,2123,27.65,38.24,38.38,"3,281.15",28.26,11.22
2018-01-01,"Tuscaloosa County, AL",1125,2406,27.43,38.23,38.38,"3,193.12",28.09,9.79
2018-01-01,"Fayette County, KY",21067,3921,29.16,38.23,38.38,"3,237.39",26.95,12.33
2018-01-01,"Baltimore city, MD",24510,7681,28.47,38.23,38.38,"3,137.87",27.88,10.3
2018-01-01,"Tarrant County, TX",48439,27280,28.67,38.3,38.38,"3,240.75",27.36,9.35
2018-01-01,"Essex County, NJ",34013,10425,30.31,38.37,38.38,"3,206.80",27.06,9.68
2018-01-01,"DeKalb County, GA",13089,10785,29.56,38.43,38.38,"3,177.76",26.61,10.65
2018-01-01,"Unidentified Counties, GA",13999,41000,26.97,38.17,38.38,"3,197.04",28.46,11.24
2018-01-01,"Santa Rosa County, FL",12113,1953,28.6,38.33,38.63,"3,295.36",26.44,11.53
2018-01-01,"York County, PA",42133,4707,28.48,38.49,38.63,"3,296.10",27.61,11.72
2018-01-01,"Lake County, IL",17097,7095,30.2,38.48,38.63,"3,304.09",27.31,11.81
2018-01-01,"Summit County, OH",39153,5934,28.62,38.48,38.63,"3,256.73",27.23,11.72
2018-01-01,"Brevard County, FL",12009,5309,28.86,38.39,38.63,"3,270.87",26.87,10.43
2018-01-01,"Cabarrus County, NC",37025,2509,29.44,38.39,38.63,"3,243.32",27.72,11.83
2018-01-01,"Suffolk County, NY",36103,15278,30.85,38.47,38.63,"3,266.46",26.97,10.94
2018-01-01,"Greene County, OH",39057,1720,28.81,38.46,38.63,"3,325.44",27.44,11.99
2018-01-01,"Los Angeles County, CA",6037,110271,30.4,38.54,38.63,"3,260.45",26.6,12.19
2018-01-01,"Clark County, IN",18019,1396,27.93,38.37,38.63,"3,290.45",27.98,10.88
2018-01-01,"Hampton city, VA",51650,1645,27.73,38.37,38.63,"3,204.05",28.44,12.11
2018-01-01,"Berks County, PA",42011,4602,28.25,38.45,38.63,"3,278.70",27.46,14.78
2018-01-01,"Utah County, UT",49049,11514,28.43,38.45,38.63,"3,306.59",25.6,11.25
2018-01-01,"Marion County, FL",12083,3476,27.38,38.43,38.63,"3,236.22",27.69,10.27
2018-01-01,"Smith County, TX",48423,2922,27.72,38.43,38.63,"3,292.30",27.82,10.79
2018-01-01,"Weld County, CO",8123,4243,28.46,38.59,38.63,"3,230.20",27.08,11.61
2018-01-01,"Delaware County, PA",42045,6453,30.41,38.59,38.63,"3,279.35",26.68,10.56
2018-01-01,"Parker County, TX",48367,1537,28.62,38.42,38.63,"3,316.58",26.8,10.77
2018-01-01,"St. Mary's County, MD",24037,1328,29.27,38.65,38.88,"3,343.41",27.49,11.63
2018-01-01,"Essex County, MA",25009,8377,30.39,38.65,38.88,"3,306.77",26.58,11.62
2018-01-01,"Hillsborough County, NH",33011,4144,29.85,38.73,38.88,"3,340.67",27.28,12.59
2018-01-01,"Unidentified Counties, OR",41999,9558,28.34,38.71,38.88,"3,336.70",27.64,11.87
2018-01-01,"Deschutes County, OR",41017,1827,30.01,39.03,38.88,"3,306.90",25.95,10.62
2018-01-01,"Middlesex County, MA",25017,16603,32.15,38.69,38.88,"3,302.67",25.38,11.88
2018-01-01,"Napa County, CA",6055,1204,30.83,38.67,38.88,"3,346.47",26.91,12.24
2018-01-01,"Pueblo County, CO",8101,1829,27.24,38.12,38.21,"3,078.05",27.45,9.96
2018-01-01,"Prince George's County, MD",24033,12159,29.66,38.38,38.46,"3,213.53",27.94,10.19
2018-01-01,"Anderson County, SC",45007,2256,27.42,38.21,38.46,"3,230.55",28.09,13.51
2018-01-01,"Shelby County, AL",1117,2250,29.45,38.46,38.46,"3,284.24",27.38,10.42
2018-01-01,"Davidson County, TN",47037,9984,29.23,38.45,38.46,"3,244.13",26.31,10.19
2018-01-01,"Erie County, PA",42049,2788,27.96,38.28,38.46,"3,241.33",27.24,10.78
2018-01-01,"Genesee County, MI",26049,4558,27.6,38.27,38.46,"3,205.51",27.94,11.95
2018-01-01,"Robeson County, NC",37155,1699,26.36,38.35,38.46,"3,161.59",28.57,9.7
2018-01-01,"Duval County, FL",12031,12973,28.45,38.26,38.46,"3,195.52",27.54,9.84
2018-01-01,"San Bernardino County, CA",6071,28994,28.67,38.42,38.46,"3,246.52",27.49,11.23
2018-01-01,"Washington County, TN",47179,1247,28,38.33,38.71,"3,280.67",26.96,11.54
2018-01-01,"St. Clair County, MI",26147,1543,28,38.41,38.71,"3,325.95",28.16,11.22
2018-01-01,"Chesapeake city, VA",51550,2928,29.09,38.32,38.71,"3,274.07",27.38,12.28
2018-01-01,"Boone County, KY",21015,1695,29.21,38.4,38.71,"3,321.63",26.75,11.65
2018-01-01,"Washington County, PA",42125,2063,29.33,38.56,38.71,"3,292.87",27,11.6
2018-01-01,"New York County, NY",36061,17020,32.55,38.63,38.71,"3,224.47",24.02,11.63
2018-01-01,"Richland County, OH",39139,1353,26.86,38.46,38.71,"3,276.86",27.55,11.4
2018-01-01,"Dona Ana County, NM",35013,2587,27.04,38.45,38.71,"3,232.69",27.53,11.29
2018-01-01,"Albany County, NY",36001,2886,30.1,38.69,38.71,"3,301.69",27.55,12.13
2018-01-01,"Black Hawk County, IA",19013,1632,28.31,38.43,38.71,"3,304.43",27.82,11.09
2018-01-01,"Anne Arundel County, MD",24003,6781,30.55,38.51,38.71,"3,295.17",26.93,10.57
2018-01-01,"Strafford County, NH",33017,1143,29.53,38.75,38.96,"3,350.23",27.39,12.67
2018-01-01,"Saratoga County, NY",36091,2022,30.74,38.82,38.96,"3,376.45",27.25,12.02
2018-01-01,"Tompkins County, NY",36109,735,30.49,38.8,38.96,"3,330.20",26.35,11.97
2018-01-01,"Kennebec County, ME",23011,1161,28.47,38.71,38.96,"3,319.15",28.81,12.96
2018-01-01,"Humboldt County, CA",6023,1364,29.38,38.85,38.96,"3,386.42",27.51,12.38
2018-01-01,"Montgomery County, AL",1101,3139,27.48,37.9,38.04,"3,083.55",28.68,10.06
2018-01-01,"Calcasieu Parish, LA",22019,3057,26.98,38.04,38.04,"3,167.82",27.17,9.95
2018-01-01,"Shelby County, TN",47157,13124,27.7,38.17,38.04,"3,131.92",27.59,9.91
2018-01-01,"Midland County, TX",48329,3011,27.56,38.17,38.29,"3,204.86",27.11,11
2018-01-01,"Faulkner County, AR",5045,1467,27.73,38.33,38.54,"3,297.10",28.69,11.46
2018-01-01,"Forsyth County, GA",13117,2306,31.08,38.41,38.54,"3,285.43",26.1,12.66
2018-01-01,"Williamson County, TN",47187,2322,31.54,38.49,38.54,"3,344.05",24.68,11.21
2018-01-01,"Kankakee County, IL",17091,1237,27.94,38.32,38.54,"3,221.41",28.13,10.92
2018-01-01,"Norfolk city, VA",51710,3452,27.65,38.23,38.54,"3,190.78",27.74,11.76
2018-01-01,"Hamilton County, TN",47065,4249,28.47,38.39,38.54,"3,233.99",26.69,11.33
2018-01-01,"Collin County, TX",48085,11147,30.65,38.38,38.54,"3,267.70",25.83,11.1
2018-01-01,"Unidentified Counties, WY",56999,6562,28.06,38.46,38.54,"3,173.17",26.69,10.46
2018-01-01,"St. Charles County, MO",29183,4306,30.18,38.37,38.54,"3,327.59",26.64,11.74
2018-01-01,"Saline County, AR",5125,1339,27.95,38.28,38.54,"3,288.69",27.65,10.78
2018-01-01,"Richmond County, GA",13245,2918,27.22,38.19,38.54,"3,127.80",27.73,10.32
2018-01-01,"Tippecanoe County, IN",18157,2158,28.31,38.43,38.54,"3,280.27",27.31,10.97
2018-01-01,"Unidentified Counties, FL",12999,12991,27.31,38.34,38.54,"3,246.71",27.91,10.37
2018-01-01,"Pickens County, SC",45077,1145,27.11,38.5,38.79,"3,318.96",27.91,12.87
2018-01-01,"Fairfax County, VA",51059,13841,31.72,38.57,38.79,"3,296.82",25.66,11.61
2018-01-01,"Gloucester County, NJ",34015,2762,30.34,38.64,38.79,"3,326.53",27.95,10.53
2018-01-01,"Catawba County, NC",37035,1693,27.68,38.55,38.79,"3,293.78",27.52,13.68
2018-01-01,"Portage County, OH",39133,1392,28.97,38.55,38.79,"3,314.97",27.25,12.28
2018-01-01,"Unidentified Counties, CA",6999,9938,28.61,38.69,38.79,"3,324.76",27.38,11.26
2018-01-01,"Gaston County, NC",37071,2525,27.85,38.6,38.79,"3,249.57",27.72,11.63
2018-01-01,"Hinds County, MS",28049,3041,27.07,37.74,37.79,"3,031.87",28.86,13.24
2018-01-01,"Terrebonne Parish, LA",22109,1506,26.95,37.97,38.12,"3,181.47",29.48,12.79
2018-01-01,"Webb County, TX",48479,4693,26.67,38.11,38.12,"3,218.08",27.77,8.94
2018-01-01,"DeSoto County, MS",28033,2139,28.02,38.31,38.37,"3,245.95",28.09,10.85
2018-01-01,"Etowah County, AL",1055,1191,26.51,38.22,38.37,"3,190.27",28.85,9.62
2018-01-01,"Vanderburgh County, IN",18163,2115,27.25,38.22,38.37,"3,226",27.58,11.76
2018-01-01,"Houston County, AL",1069,1368,27.04,38.29,38.37,"3,206.84",29.33,11.29
2018-01-01,"Tom Green County, TX",48451,1473,27.03,38.12,38.37,"3,210.23",28.24,11.58
2018-01-01,"Jackson County, MS",28059,1606,27.47,38.1,38.37,"3,192.64",27.73,11.81
2018-01-01,"St. Clair County, IL",17163,3109,28.05,38.18,38.37,"3,189.87",28.67,10.39
2018-01-01,"Cleveland County, OK",40027,2833,28.4,38.18,38.37,"3,279.99",27.52,10.96
2018-01-01,"Blount County, TN",47009,1306,27.63,38.26,38.37,"3,282.33",27.01,12.79
2018-01-01,"Coconino County, AZ",4005,1506,28.18,38.5,38.62,"3,226.70",26.93,10.51
2018-01-01,"Alamance County, NC",37001,1958,28.35,38.41,38.62,"3,259.31",28.78,10.92
2018-01-01,"LaSalle County, IL",17099,1092,28.35,38.4,38.62,"3,312.87",28.61,12.65
2018-01-01,"Stark County, OH",39151,4075,27.87,38.48,38.62,"3,269.12",27.87,10.94
2018-01-01,"Unidentified Counties, MT",30999,8642,28.39,38.56,38.62,"3,286.43",26.77,10.86
2018-01-01,"Sumner County, TN",47165,2150,28.53,38.38,38.62,"3,315.76",27.01,10.39
2018-01-01,"Unidentified Counties, IN",18999,29235,27.28,38.46,38.62,"3,310.46",27.98,11.46
2018-01-01,"McLean County, IL",17113,1817,29.06,38.45,38.62,"3,326.32",27.81,11.93
2018-01-01,"Unidentified Counties, NC",37999,31164,27.52,38.35,38.62,"3,234.40",28.27,11.93
2018-01-01,"Santa Barbara County, CA",6083,5268,29.15,38.6,38.62,"3,310.64",26.99,13.14
2018-01-01,"Unidentified Counties, ND",38999,8183,28.26,38.43,38.62,"3,349.92",28.21,10.55
2018-01-01,"Kern County, CA",6029,12916,27.84,38.51,38.62,"3,278.08",28.47,11.58
2018-01-01,"Winnebago County, WI",55139,1798,29.27,38.34,38.62,"3,329.99",28.31,13.65
2018-01-01,"Cochise County, AZ",4003,1354,27.34,38.59,38.62,"3,247.36",27.28,8.71
2018-01-01,"Stafford County, VA",51179,1745,29.48,38.57,38.87,"3,330.93",27.49,11.33
2018-01-01,"Butler County, PA",42019,1809,29.93,38.64,38.87,"3,336",26.53,12.59
2018-01-01,"Kent County, RI",44003,1502,30.25,38.64,38.87,"3,346.98",27.07,12.11
2018-01-01,"Litchfield County, CT",9005,1364,30.58,38.69,38.87,"3,352.57",27,12.77
2018-01-01,"Dakota County, MN",27037,5140,30.6,38.67,38.87,"3,351.95",27.28,12.52
2018-01-01,"Onslow County, NC",37133,3923,26.26,38.61,39.12,"3,331.49",26.39,12.3
2018-01-01,"Jefferson County, AL",1073,8437,28.44,38.24,38.2,"3,161.29",27.67,10.27
2018-01-01,"Ascension Parish, LA",22005,1687,28.77,38.17,38.2,"3,220.11",27.91,11.06
2018-01-01,"Palm Beach County, FL",12099,15066,30.06,38.41,38.45,"3,227.61",26.49,10.93
2018-01-01,"Pima County, AZ",4019,10671,28.36,38.48,38.45,"3,244.32",27.16,9.56
2018-01-01,"Randall County, TX",48381,1645,28.16,38.48,38.45,"3,237.86",27.14,11.21
2018-01-01,"Will County, IL",17197,7318,30.01,38.31,38.45,"3,289.24",27.33,11.18
2018-01-01,"Clay County, FL",12019,2182,28.37,38.3,38.45,"3,252.32",27.52,10.66
2018-01-01,"Woodbury County, IA",19193,1393,27.55,38.36,38.45,"3,270.87",27.84,11.79
2018-01-01,"Comal County, TX",48091,1526,28.89,38.26,38.45,"3,258.32",26.51,10.26
2018-01-01,"Queens County, NY",36081,28042,30.72,38.58,38.7,"3,216.82",25.57,11.15
2018-01-01,"Brown County, WI",55009,3158,28.95,38.4,38.7,"3,313.53",27.82,13.58
2018-01-01,"Ottawa County, MI",26139,3138,29.15,38.56,38.7,"3,376.78",27.31,11.1
2018-01-01,"Chautauqua County, NY",36013,1299,27.28,38.47,38.7,"3,263.74",28.05,10.9
2018-01-01,"Benton County, WA",53005,2552,28.53,38.55,38.7,"3,329.61",27.41,11.32
2018-01-01,"Windham County, CT",9015,1062,29.25,38.38,38.7,"3,275.46",27.6,11.58
2018-01-01,"Kenton County, KY",21117,2191,28.58,38.38,38.7,"3,284.94",27.32,11.5
2018-01-01,"Orange County, CA",6059,35679,30.98,38.63,38.7,"3,291.59",25.34,12.58
2018-01-01,"Burlington County, NJ",34005,4365,30.53,38.54,38.7,"3,294.48",27.24,10.28
2018-01-01,"Yavapai County, AZ",4025,1772,27.7,38.53,38.7,"3,260.13",26.5,11.43
2018-01-01,"Martin County, FL",12085,1251,29.61,38.53,38.7,"3,287.78",26.18,11.64
2018-01-01,"Lake County, OH",39085,2212,29.41,38.53,38.7,"3,289.25",26.93,12.07
2018-01-01,"Monroe County, IN",18105,1246,29.24,38.52,38.7,"3,304.60",27.36,12.91
2018-01-01,"Mecklenburg County, NC",37119,14650,29.7,38.52,38.7,"3,220.41",26.32,12.06
2018-01-01,"Tulare County, CA",6107,6905,27.82,38.51,38.7,"3,304.18",28.53,11.33
2018-01-01,"Buncombe County, NC",37021,2482,29.69,38.5,38.95,"3,264.10",25.97,14.01
2018-01-01,"Washington County, RI",44009,870,31.09,38.75,38.95,"3,366.33",25.98,12.78
2018-01-01,"Sonoma County, CA",6097,4526,30.73,38.83,38.95,"3,361.32",26.98,11.41
2018-01-01,"Columbia County, GA",13073,1817,29.54,38.49,38.95,"3,322.10",27.06,11.06
2018-01-01,"Jefferson County, NY",36045,1864,26.74,38.62,38.95,"3,341.79",27.65,11.97
2018-01-01,"Douglas County, OR",41019,1054,27.61,38.7,38.95,"3,323.12",27.79,13.42
2018-01-01,"Medina County, OH",39103,1675,30.06,38.77,38.95,"3,382.42",26.64,12.14
2018-01-01,"Imperial County, CA",6025,2629,27.91,38.65,39.2,"3,320.75",27.98,9.44
2018-01-01,"Rockland County, NY",36087,5719,29.94,39.09,39.2,"3,333.35",25.56,11.02
2018-01-01,"Unidentified Counties, SC",45999,12921,26.86,38.13,38.28,"3,160.86",29.18,12
2018-01-01,"Unidentified Counties, AL",1999,22362,26.66,38.17,38.28,"3,198.29",28.47,10.53
2018-01-01,"Niagara County, NY",36063,2100,28.89,38.41,38.53,"3,265.76",28.42,10.18
2018-01-01,"Rowan County, NC",37159,1593,27.61,38.24,38.53,"3,213",28.61,11.08
2018-01-01,"Fresno County, CA",6019,14465,28.43,38.49,38.53,"3,276.69",28.21,12.78
2018-01-01,"McLennan County, TX",48309,3460,27.49,38.39,38.53,"3,286.53",27.86,11.01
2018-01-01,"Jasper County, MO",29097,1570,26.73,38.3,38.53,"3,270.21",27.42,10.97
2018-01-01,"Johnson County, IN",18081,1877,28.27,38.46,38.53,"3,319.68",27.76,11.95
2018-01-01,"Charles County, MD",24017,1863,29.47,38.46,38.53,"3,224.94",28.14,10.25
2018-01-01,"Sebastian County, AR",5131,1662,26.81,38.37,38.53,"3,268.50",28.35,9.51
2018-01-01,"Maricopa County, AZ",4013,51854,28.69,38.44,38.53,"3,281.98",27.06,11.09
2018-01-01,"Canadian County, OK",40017,1864,28.34,38.27,38.53,"3,302.66",27.54,10.8
2018-01-01,"Ingham County, MI",26065,3049,28.66,38.52,38.53,"3,262.53",27.69,14.06
2018-01-01,"Franklin County, OH",39049,18338,29.25,38.42,38.53,"3,235.98",26.76,10.91
2018-01-01,"Prince William County, VA",51153,6484,30.11,38.5,38.78,"3,291.91",27.02,10.78
2018-01-01,"Marathon County, WI",55073,1561,28.86,38.58,38.78,"3,346.37",28.55,11.19
2018-01-01,"Contra Costa County, CA",6013,12002,31.06,38.64,38.78,"3,310.89",26.9,11.82
2018-01-01,"Bartow County, GA",13015,1173,27.39,38.38,38.78,"3,284.58",28.54,12.26
2018-01-01,"Anoka County, MN",27003,4241,30.08,38.63,38.78,"3,362.99",27.55,11.49
2018-01-01,"Lehigh County, PA",42077,4352,28.76,38.63,38.78,"3,275.38",27.26,12.51
2018-01-01,"Wayne County, NC",37191,1639,27.29,38.53,38.78,"3,284.48",28.14,10.65
2018-01-01,"Mohave County, AZ",4015,1796,27.09,38.52,38.78,"3,289.40",27.61,10.66
2018-01-01,"Sarasota County, FL",12115,2878,29.3,38.6,38.78,"3,308.35",26.04,11.61
2018-01-01,"Washtenaw County, MI",26161,3527,30.93,38.6,38.78,"3,287.95",26.29,15.39
2018-01-01,"Cumberland County, ME",23005,2717,31.2,38.68,38.78,"3,348.32",26.7,14.13
2018-01-01,"Elkhart County, IN",18039,3117,27.28,38.67,38.78,"3,331.83",27.7,11.09
2018-01-01,"Chittenden County, VT",50007,1392,30.92,38.87,39.03,"3,363.30",26.13,12.59
2018-01-01,"Merrimack County, NH",33013,1305,29.88,38.84,39.03,"3,349.48",27.49,13.11
2018-01-01,"Rankin County, MS",28121,1744,28.51,37.88,38.11,"3,226.85",28.44,12.6
2018-01-01,"Madison County, AL",1089,4262,28.65,38.02,38.11,"3,180.03",27.65,9.8
2018-01-01,"Bonneville County, ID",16019,1815,27.92,38.32,38.36,"3,203.52",27.51,11.9
2018-01-01,"Oklahoma County, OK",40109,11255,28.07,38.21,38.36,"3,226",27.53,10.6
2018-01-01,"Brazoria County, TX",48039,4734,28.98,38.19,38.36,"3,252.07",27.64,10.81
2018-01-01,"Sedgwick County, KS",20173,6733,27.98,38.35,38.36,"3,288.15",27.57,10.89
2018-01-01,"Pitt County, NC",37147,2085,28.41,38.09,38.36,"3,184.18",28.72,11.76
2018-01-01,"Warren County, KY",21227,1732,27.85,38.33,38.61,"3,302.90",26.79,10.46
2018-01-01,"Linn County, IA",19113,2731,28.89,38.41,38.61,"3,333.72",27.65,12.46
2018-01-01,"Polk County, FL",12105,7847,27.65,38.39,38.61,"3,256.08",28.09,10.65
2018-01-01,"Pennington County, SD",46103,1542,27.95,38.39,38.61,"3,298.78",26.56,10.39
2018-01-01,"Sussex County, DE",10005,2297,28.47,38.47,38.61,"3,269.44",27.28,9.78
2018-01-01,"Union County, NJ",34039,6777,30.84,38.55,38.61,"3,259.09",26.66,10.43
2018-01-01,"Williamson County, TX",48491,6650,30.19,38.46,38.61,"3,310.30",26.51,12.66
2018-01-01,"Riverside County, CA",6065,28725,28.93,38.54,38.61,"3,288.23",27.29,11.37
2018-01-01,"Paulding County, GA",13223,1763,28.73,38.35,38.61,"3,298.26",28.02,13.25
2018-01-01,"New London County, CT",9011,2457,29.74,38.64,38.86,"3,332.75",27.3,12.54
2018-01-01,"Boulder County, CO",8013,2560,31.26,38.8,38.86,"3,232.47",25.15,10.76
2018-01-01,"Montgomery County, PA",42091,8515,31.35,38.7,38.86,"3,319.72",26.04,11.28
2018-01-01,"Hampshire County, MA",25015,948,31.45,38.78,38.86,"3,346.87",26.5,12.38
2018-01-01,"Wichita County, TX",48485,1607,26.77,38.35,38.86,"3,286.32",27.52,11.65
2018-01-01,"Androscoggin County, ME",23001,1240,28.5,38.68,38.86,"3,310.37",28.74,12.14
2018-01-01,"Onondaga County, NY",36067,5236,29.37,38.68,38.86,"3,306.46",27.9,12.72
2018-01-01,"Spartanburg County, SC",45083,3855,27.69,38.25,38.44,"3,245.29",27.86,13.29
2018-01-01,"Montgomery County, OH",39113,6480,27.96,38.33,38.44,"3,260.13",28.32,11.33
2018-01-01,"Unidentified Counties, WV",54999,14897,27.07,38.22,38.44,"3,236.91",28.15,11.63
2018-01-01,"Harrison County, MS",28047,2662,27.52,38.13,38.44,"3,184.96",27.42,11.62
2018-01-01,"Winnebago County, IL",17201,3497,27.92,38.21,38.44,"3,247.24",28.86,13.07
2018-01-01,"Champaign County, IL",17019,2254,28.91,38.27,38.44,"3,252.19",27.72,12.77
2018-01-01,"Unidentified Counties, TN",47999,30395,26.78,38.26,38.44,"3,253.44",27.81,11.45
2018-01-01,"Orange County, FL",12095,16919,29.65,38.34,38.44,"3,232.26",26.61,9.27
2018-01-01,"Unidentified Counties, VA",51999,38308,28.39,38.5,38.69,"3,276.37",28.05,11.37
2018-01-01,"Lackawanna County, PA",42069,2033,28.94,38.48,38.69,"3,275.38",27,11.32
2018-01-01,"Yakima County, WA",53077,3690,27.93,38.48,38.69,"3,310.34",28.66,11.36
2018-01-01,"San Diego County, CA",6073,40070,30.31,38.64,38.69,"3,300.06",26.06,11.86
2018-01-01,"Somerset County, NJ",34035,3210,31.77,38.54,38.69,"3,269.56",25.95,11.16
2018-01-01,"Delaware County, OH",39041,2106,31.54,38.54,38.69,"3,343.93",25.81,11.93
2018-01-01,"Franklin County, PA",42055,1745,28.21,38.52,38.69,"3,316.95",27.32,11.07
2018-01-01,"Miami County, OH",39109,1180,28.09,38.6,38.69,"3,365.25",27.98,11.31
2018-01-01,"Pinellas County, FL",12103,8126,29.36,38.51,38.69,"3,279.11",26.44,11.14
2018-01-01,"Arlington County, VA",51013,2937,32.6,38.74,38.94,"3,334.08",24.63,10.8
2018-01-01,"Adams County, PA",42001,916,28.48,38.73,38.94,"3,372.70",27.55,12.23
2018-01-01,"Marion County, OR",41047,4183,28.32,38.64,38.94,"3,348.20",28.09,12.1
2018-01-01,"La Crosse County, WI",55063,1176,29.47,38.97,38.94,"3,388.84",27.64,11.69
2018-01-01,"Carroll County, MD",24013,1776,30.19,38.71,38.94,"3,395.24",26.98,10.83
2018-01-01,"Florence County, SC",45041,1616,27.62,38.07,38.02,"3,124.04",29.29,12.65
2018-01-01,"Mobile County, AL",1097,5549,27.25,37.95,38.02,"3,129.31",28.05,10.87
2018-01-01,"Ector County, TX",48135,3000,26.45,37.93,38.02,"3,151.47",27.35,9.26
2018-01-01,"Douglas County, GA",13097,1700,28.58,38.15,38.27,"3,157.22",28.31,12.02
2018-01-01,"Mahoning County, OH",39099,2344,27.9,38.09,38.27,"3,158.59",27.56,12.94
2018-01-01,"Aiken County, SC",45003,1897,27.81,38.24,38.52,"3,213.45",28.03,10.85
2018-01-01,"Hall County, GA",13139,2496,27.87,38.46,38.52,"3,317.75",27.25,12.36
2018-01-01,"Racine County, WI",55101,2271,28.3,38.29,38.52,"3,253.09",28.36,11.24
2018-01-01,"Guilford County, NC",37081,6115,28.82,38.37,38.52,"3,223.01",27.99,11.69
2018-01-01,"Baltimore County, MD",24005,9787,29.92,38.36,38.52,"3,233.33",27.32,10.93
2018-01-01,"Butler County, OH",39017,4472,28.6,38.35,38.52,"3,276.42",27.54,11.8
2018-01-01,"District of Columbia, DC",11001,9212,30.85,38.51,38.52,"3,205.47",25.88,10.28
2018-01-01,"Unidentified Counties, MD",24999,5451,28.55,38.56,38.77,"3,307.82",27.72,11.67
2018-01-01,"Mesa County, CO",8077,1655,27.89,38.55,38.77,"3,194.48",26.89,10.81
2018-01-01,"Unidentified Counties, AK",2999,6111,28.2,38.62,38.77,"3,425.55",27.14,10.59
2018-01-01,"Wake County, NC",37183,12578,30.6,38.62,38.77,"3,293.31",26.25,12.68
2018-01-01,"Bucks County, PA",42017,5714,31.02,38.62,38.77,"3,325.60",26.08,11.11
2018-01-01,"Hawaii County, HI",15001,2227,28.77,38.45,38.77,"3,214.59",26.77,10.44
2018-01-01,"Jefferson County, MO",29099,2545,28.36,38.22,38.35,"3,296.25",27.48,11.02
2018-01-01,"Jefferson Parish, LA",22051,5649,28.55,38.2,38.35,"3,174.65",27.72,11.91
2018-01-01,"Lowndes County, GA",13185,1656,27.2,38.03,38.35,"3,159.95",28.62,12.12
2018-01-01,"Kings County, CA",6031,2262,27.68,38.5,38.6,"3,320.51",28.75,12.75
2018-01-01,"Madera County, CA",6039,2079,28.23,38.58,38.6,"3,298.49",28.71,11.16
2018-01-01,"Scott County, IA",19163,2096,28.55,38.41,38.6,"3,308.58",27.69,12.81
2018-01-01,"Cambria County, PA",42021,1219,28.08,38.39,38.6,"3,253.18",27.53,11.05
2018-01-01,"Bergen County, NJ",34003,9152,32.25,38.47,38.6,"3,244.59",25.39,11.35
2018-01-01,"Unidentified Counties, SD",46999,7460,28.26,38.54,38.6,"3,346.92",27.12,10.33
2018-01-01,"Lancaster County, NE",31109,3893,29.37,38.45,38.6,"3,319.78",26.65,10.42
2018-01-01,"Outagamie County, WI",55087,2215,29.47,38.35,38.6,"3,351.32",27.68,13.91
2018-01-01,"Montgomery County, TX",48339,7355,28.95,38.43,38.6,"3,289.31",26.92,10.05
2018-01-01,"New Castle County, DE",10003,6179,29.45,38.42,38.6,"3,241.04",27.73,10.6
2018-01-01,"Unidentified Counties, MI",26999,21406,27.83,38.65,38.85,"3,343.55",28.02,11.95
2018-01-01,"Middlesex County, CT",9007,1244,31.01,38.64,38.85,"3,327.77",26.59,13.36
2018-01-01,"Wayne County, OH",39169,1447,28.33,38.72,38.85,"3,366.91",27.37,10.31
2018-01-01,"Rensselaer County, NY",36083,1591,29.56,38.71,38.85,"3,329.82",28.08,12.21
2018-01-01,"Rockingham County, NH",33015,2650,30.93,38.7,38.85,"3,350.58",26.23,12.68
2018-01-01,"Rutherford County, TN",47149,4148,28.61,38.07,38.18,"3,233.74",27.44,10.91
2018-01-01,"Morgan County, AL",1103,1432,26.91,38.14,38.18,"3,205.34",28.04,10.65
2018-01-01,"Passaic County, NJ",34031,6542,29.52,38.33,38.43,"3,219.19",26.67,10.75
2018-01-01,"Chatham County, GA",13051,3557,28.56,38.15,38.43,"3,182.22",28.38,9.8
2018-01-01,"Knox County, TN",47093,5156,28.73,38.38,38.43,"3,272.29",26.71,12.86
2018-01-01,"Unidentified Counties, AZ",4999,2857,27.14,38.29,38.43,"3,249.31",27.89,9.09
2018-01-01,"Sandoval County, NM",35043,1390,28.62,38.29,38.43,"3,172.09",27.51,9.88
2018-01-01,"St. Joseph County, IN",18141,3538,27.85,38.37,38.43,"3,251.52",27.63,11
2018-01-01,"Sumter County, SC",45085,1346,27.27,38.2,38.43,"3,212.61",29.34,11.77
2018-01-01,"Lucas County, OH",39095,5418,27.71,38.28,38.43,"3,209.38",27.8,12.54
2018-01-01,"Bernalillo County, NM",35001,7078,28.67,38.36,38.43,"3,174.73",26.78,9.88
2018-01-01,"Philadelphia County, PA",42101,20691,28.82,38.35,38.43,"3,178.56",27.21,10.26
2018-01-01,"Dauphin County, PA",42043,3397,28.7,38.5,38.68,"3,249.03",27.65,10.53
2018-01-01,"McHenry County, IL",17111,2987,30.35,38.49,38.68,"3,337.50",27.57,11.76
2018-01-01,"Unidentified Counties, IA",19999,21543,28.23,38.48,38.68,"3,348.98",27.82,11.75
2018-01-01,"Loudoun County, VA",51107,5224,31.94,38.48,38.68,"3,295.43",25.62,11.9
2018-01-01,"San Joaquin County, CA",6077,9841,28.89,38.55,38.68,"3,288.08",27.94,13.12
2018-01-01,"Anchorage Borough, AK",2020,3975,29.11,38.54,38.68,"3,361.20",27.62,11.1
2018-01-01,"Allegheny County, PA",42003,12822,30.12,38.54,38.68,"3,257.64",26.39,12.97
2018-01-01,"Kent County, DE",10001,2145,28.26,38.45,38.68,"3,257.33",27.6,10.29
2018-01-01,"York County, SC",45091,2921,29.02,38.53,38.68,"3,267.49",27.31,12.27
2018-01-01,"Stearns County, MN",27145,2057,29.17,38.61,38.68,"3,371.25",27.36,11.47
2018-01-01,"Volusia County, FL",12127,4863,28.21,38.44,38.68,"3,264.54",27.05,11.19
2018-01-01,"Polk County, IA",19153,6655,28.96,38.44,38.68,"3,332.34",27.06,11.93
2018-01-01,"Monmouth County, NJ",34025,5888,31.58,38.51,38.68,"3,276.40",25.97,11.06
2018-01-01,"Virginia Beach city, VA",51810,5618,29.21,38.42,38.68,"3,264.02",26.8,12.22
2018-01-01,"St. Johns County, FL",12109,2242,30.81,38.57,38.93,"3,333.85",25.95,11.58
2018-01-01,"Sussex County, NJ",34037,1203,30.9,38.73,38.93,"3,352.11",27.02,11.18
2018-01-01,"Alexandria city, VA",51510,2590,31.92,38.73,38.93,"3,306.87",25.61,11.69
2018-01-01,"Unidentified Counties, NY",36999,18122,28.47,38.71,38.93,"3,347.42",28.46,11.5
2018-01-01,"Potter County, TX",48375,1638,26.66,38.33,38.26,"3,170",27.74,10.34
2018-01-01,"Trumbull County, OH",39155,2069,27.29,38.4,38.51,"3,265.53",27.79,12.05
2018-01-01,"Houston County, GA",13153,1967,27.65,38.23,38.51,"3,226.07",28.15,10.91
2018-01-01,"Licking County, OH",39089,1991,28.35,38.39,38.51,"3,274.49",27.53,10.75
2018-01-01,"Cook County, IL",17031,61797,30.05,38.38,38.51,"3,230.21",27.13,10.88
2018-01-01,"Collier County, FL",12021,3199,29.43,38.37,38.51,"3,282.32",26.92,10.53
2018-01-01,"Cumberland County, NJ",34011,1917,27.81,38.35,38.51,"3,203.61",28.7,9.66
2018-01-01,"Douglas County, CO",8035,3395,31.38,38.51,38.51,"3,198.69",25.1,11.04
2018-01-01,"Cache County, UT",49005,2114,28.15,38.34,38.51,"3,305.43",26.42,11.53
2018-01-01,"Sacramento County, CA",6067,19102,29.6,38.66,38.76,"3,328.53",27.33,11.49
2018-01-01,"Fairfield County, CT",9001,9726,31.5,38.66,38.76,"3,313.46",25.85,12.46
2018-01-01,"Berkeley County, WV",54003,1487,27.56,38.49,38.76,"3,312.52",28.56,11.14
2018-01-01,"Monroe County, NY",36055,7772,29.45,38.57,38.76,"3,285.96",27.56,10.85
2018-01-01,"Alameda County, CA",6001,18240,31.61,38.65,38.76,"3,280.05",25.93,10.68
2018-01-01,"Washington County, MN",27163,2732,30.79,38.56,38.76,"3,342.47",27.15,11.76
2018-01-01,"Tolland County, CT",9013,1114,30.85,38.54,38.76,"3,325.25",26.25,12.38
2018-01-01,"Bristol County, MA",25005,5487,29.56,38.62,38.76,"3,266.89",27.33,12.43
2018-01-01,"Johnston County, NC",37101,2299,28.84,38.45,38.76,"3,294.02",28.11,12.31
2018-01-01,"Providence County, RI",44007,7119,29.27,38.52,38.76,"3,270.49",27.11,11.33
2018-01-01,"Dane County, WI",55025,5753,30.79,38.6,38.76,"3,334.70",26.29,12.81
2018-01-01,"Kalamazoo County, MI",26077,3074,28.68,38.68,38.76,"3,336.49",27.82,15.95
2018-01-01,"St. Louis County, MN",27137,1813,29.09,38.72,39.01,"3,364.07",27.37,11.76
2018-01-01,"Walworth County, WI",55127,942,29.17,38.63,39.01,"3,373.17",27.79,12.11
2018-01-01,"Hidalgo County, TX",48215,14185,26.99,37.9,38.09,"3,167.70",28.38,10.94
2018-01-01,"Fort Bend County, TX",48157,9375,30.91,38.24,38.34,"3,227.68",26.37,9.84
2018-01-01,"Galveston County, TX",48167,3957,28.54,38.15,38.34,"3,231.83",27.5,11
2018-01-01,"Richmond city, VA",51760,3139,28.57,38.37,38.34,"3,180.66",27.67,10.28
2018-01-01,"Hamilton County, IN",18057,3724,31.16,38.5,38.59,"3,346.55",26.21,12.38
2018-01-01,"Hendricks County, IN",18063,1619,29.53,38.48,38.59,"3,365.23",27.41,12.23
2018-01-01,"Cobb County, GA",13067,8927,30.23,38.39,38.59,"3,241.79",26.67,12.73
2018-01-01,"Dorchester County, SC",45035,1843,28.55,38.39,38.59,"3,271.10",28.41,11.04
2018-01-01,"Weber County, UT",49057,3637,27.78,38.39,38.59,"3,244.37",27.05,10.93
2018-01-01,"Newport News city, VA",51700,2677,27.74,38.39,38.59,"3,210.86",28.22,11.92
2018-01-01,"Bay County, FL",12005,2187,27.7,38.38,38.59,"3,285.23",27.52,10.14
2018-01-01,"Lorain County, OH",39093,3199,28.35,38.38,38.59,"3,261.47",27.42,11.72
2018-01-01,"Erie County, NY",36029,9812,29.56,38.46,38.59,"3,262.80",27.76,10.8
2018-01-01,"Travis County, TX",48453,15125,30.06,38.46,38.59,"3,274.50",25.96,12.26
2018-01-01,"Unidentified Counties, ID",16999,10077,27.5,38.54,38.59,"3,274.15",27.04,11.47
2018-01-01,"Penobscot County, ME",23019,1376,28.48,38.54,38.59,"3,350.69",28.53,13.95
2018-01-01,"Westchester County, NY",36119,10091,31.86,38.54,38.59,"3,259.86",26.05,11.19
2018-01-01,"Unidentified Counties, NV",32999,3510,27.58,38.37,38.59,"3,211.07",27.64,10.31
2018-01-01,"Rock Island County, IL",17161,1731,28.17,38.44,38.59,"3,298.36",28.43,11.64
2018-01-01,"Navajo County, AZ",4017,1381,27.14,38.35,38.59,"3,211.44",28.43,9.74
2018-01-01,"Cecil County, MD",24015,1155,28.22,38.35,38.59,"3,293.06",27.86,10.62
2018-01-01,"New Hanover County, NC",37129,2145,29.64,38.34,38.59,"3,261.81",25.96,12.22
2018-01-01,"Columbiana County, OH",39029,982,27.03,38.34,38.59,"3,266.69",28.1,12.74
2018-01-01,"Washington County, OR",41067,6425,30.49,38.81,38.84,"3,319.43",26.61,11.29
2018-01-01,"Morris County, NJ",34027,4487,32.39,38.7,38.84,"3,324.28",25.59,11.27
2018-01-01,"Cass County, ND",38017,2453,29.49,38.61,38.84,"3,337.67",27.4,11.03
2018-01-01,"Orange County, NC",37135,1134,31.2,38.68,38.84,"3,286.37",25.46,11.69
2018-01-01,"Fayette County, GA",13113,867,30.32,38.25,38.17,"3,233.16",26.56,12.01
2018-01-01,"Kendall County, IL",17093,1516,30.76,38.25,38.42,"3,312.65",27.94,12.02
2018-01-01,"Kaufman County, TX",48257,1786,28.4,38.25,38.42,"3,261.59",27.42,10.41
2018-01-01,"La Porte County, IN",18091,1271,27.51,38.38,38.42,"3,233.37",28.93,10.48
2018-01-01,"Clayton County, GA",13063,3773,27.77,38.2,38.42,"3,117.13",28.55,9.55
2018-01-01,"DeKalb County, IL",17037,1092,28.74,38.2,38.42,"3,274.78",28.15,11.93
2018-01-01,"Unidentified Counties, TX",48999,56295,26.89,38.26,38.42,"3,247.91",27.96,10.52
2018-01-01,"Nassau County, NY",36059,14128,31.75,38.58,38.67,"3,261.27",25.99,11.96
2018-01-01,"Mercer County, NJ",34021,3999,30.22,38.49,38.67,"3,239.26",26.91,10.59
2018-01-01,"Oakland County, MI",26125,13182,30.57,38.57,38.67,"3,291.98",26.28,13.08
2018-01-01,"Washington County, MD",24043,1686,28.24,38.48,38.67,"3,282.91",27.49,11.07
2018-01-01,"Washington County, UT",49053,2184,28.32,38.48,38.67,"3,302.56",25.79,11.35
2018-01-01,"Yellowstone County, MT",30111,1808,28.39,38.56,38.67,"3,298.63",27.54,12.14
2018-01-01,"Seminole County, FL",12117,4663,29.95,38.47,38.67,"3,289.91",26.78,9.91
2018-01-01,"Clermont County, OH",39025,2310,28.51,38.47,38.67,"3,315.47",27.52,12.21
2018-01-01,"Santa Clara County, CA",6085,21292,31.69,38.62,38.67,"3,262.08",25.44,11.92
2018-01-01,"Forsyth County, NC",37067,4330,28.67,38.27,38.67,"3,211.02",27.62,13.61
2018-01-01,"Broome County, NY",36007,1877,28.53,38.51,38.67,"3,305.40",28.21,11.58
2018-01-01,"Thurston County, WA",53067,3108,29.13,38.75,38.92,"3,372.72",27.17,11.4
2018-01-01,"Blair County, PA",42013,1206,27.9,38.65,38.92,"3,304.40",26.86,11.19
2018-01-01,"Snohomish County, WA",53061,9763,30.32,38.72,38.92,"3,359.32",26.47,10.93
2018-01-01,"Skagit County, WA",53057,1386,28.91,38.79,38.92,"3,402.03",27.84,10.09
2018-01-01,"Maui County, HI",15009,1828,29.61,38.61,38.92,"3,235.27",26.02,11.96
2018-01-01,"Unidentified Counties, HI",15999,749,29.78,38.61,38.92,"3,202.40",25.73,11.71
2018-01-01,"Chester County, PA",42029,5370,31.29,38.77,38.92,"3,361.66",25.5,9.9
2017-01-01,"Linn County, OR",41043,1456,27.84,38.75,39,"3,389.92",27.91,11.57
2017-01-01,"Washington County, RI",44009,852,30.59,38.75,38.99,"3,372.16",26.02,13.29
2017-01-01,"Montgomery County, AL",1101,3172,27.15,38.08,38.18,"3,099.50",28.73,9.96
2017-01-01,"East Baton Rouge Parish, LA",22033,5975,27.85,38.08,38.12,"3,138.55",27.55,10.34
2017-01-01,"Cameron County, TX",48061,6276,26.65,38.08,38.13,"3,187.98",28.2,11.15
2017-01-01,"Webb County, TX",48479,4872,26.55,38.08,38.05,"3,206.51",27.69,10.42
2017-01-01,"Imperial County, CA",6025,2894,27.73,38.66,39.04,"3,327.67",27.9,9.25
2017-01-01,"Hampshire County, MA",25015,1003,31.4,38.91,39.06,"3,375.20",26.16,12.54
2017-01-01,"Caddo Parish, LA",22017,3231,27.05,37.66,37.69,"3,057.91",28.02,11.31
2017-01-01,"Bossier Parish, LA",22015,1627,27.63,37.91,38.11,"3,169.94",26.94,11.83
2017-01-01,"Kootenai County, ID",16055,1811,28.33,38.74,38.99,"3,367.05",26.21,12.62
2017-01-01,"Muscogee County, GA",13215,2791,27.23,37.99,38.21,"3,121.49",27.56,11.31
2017-01-01,"Terrebonne Parish, LA",22109,1544,27.06,37.99,38.16,"3,147.05",28.5,12.75
2017-01-01,"Mobile County, AL",1097,5607,27.1,38.07,38.27,"3,158.62",27.87,10.84
2017-01-01,"Allen County, OH",39003,1244,26.74,38.07,38.14,"3,205.93",28.09,11.85
2017-01-01,"Onslow County, NC",37133,4061,26.19,38.57,39.27,"3,323.53",26.4,11.96
2017-01-01,"Kankakee County, IL",17091,1289,27.8,38.15,38.33,"3,193.05",28.56,10.68
2017-01-01,"Whatcom County, WA",53073,2163,29.57,38.9,39.12,"3,425.49",26.41,10.33
2017-01-01,"Kanawha County, WV",54039,1929,27.18,37.9,38.12,"3,199.22",27.79,11.46
2017-01-01,"Rockland County, NY",36087,5481,29.79,38.98,39.11,"3,319.73",25.67,11.09
2017-01-01,"Unidentified Counties, MS",28999,26037,26.47,37.98,38.13,"3,134.50",28.73,11.61
2017-01-01,"Unidentified Counties, LA",22999,19602,26.61,38.06,38.02,"3,170.39",28.35,11.95
2017-01-01,"Marin County, CA",6041,2237,33.09,38.89,39,"3,352.58",24.73,10.49
2017-01-01,"Tompkins County, NY",36109,767,30.27,38.89,39.07,"3,357.22",25.94,11.76
2017-01-01,"Baltimore city, MD",24510,7941,28.39,38.22,38.33,"3,133.36",27.99,10.19
2017-01-01,"Deschutes County, OR",41017,1808,29.85,38.97,38.93,"3,317.68",25.57,10.88
2017-01-01,"Madison County, AL",1089,4253,28.42,38.13,38.21,"3,214.86",27.35,9.86
2017-01-01,"St. Louis city, MO",29510,4138,28.44,38.13,38.22,"3,127.37",27.27,10.01
2017-01-01,"Florence County, SC",45041,1695,27.31,38.13,38.16,"3,120.57",28.99,12.33
2017-01-01,"Tangipahoa Parish, LA",22105,1986,27,38.21,38.32,"3,176.75",28.38,10.46
2017-01-01,"Midland County, TX",48329,2826,27.51,38.21,38.32,"3,214.37",26.87,11.58
2017-01-01,"Nueces County, TX",48355,4520,27.18,38.21,38.27,"3,230.73",27.81,8.93
2017-01-01,"Humboldt County, CA",6023,1372,29.16,38.96,39.11,"3,382.60",26.96,12.82
2017-01-01,"Ulster County, NY",36111,1453,29.69,38.79,39.03,"3,339.84",28.16,10.72
2017-01-01,"Morgan County, AL",1103,1435,26.7,38.12,38.15,"3,201.54",27.76,10.78
2017-01-01,"Rapides Parish, LA",22079,1724,26.7,38.12,35.75,"3,153.02",27.76,10.83
2017-01-01,"Ascension Parish, LA",22005,1704,28.4,38.2,38.23,"3,227.73",27.57,11.15
2017-01-01,"Ector County, TX",48135,2750,26.4,37.95,38.06,"3,154.77",27.23,10.26
2017-01-01,"Hidalgo County, TX",48215,14108,26.77,37.95,38.1,"3,178.30",28.18,10.87
2017-01-01,"Shawnee County, KS",20177,2074,27.69,38.28,38.3,"3,270.58",28.43,11.29
2017-01-01,"Hinds County, MS",28049,3126,26.87,37.78,37.92,"3,047.03",28.83,12.44
2017-01-01,"Ouachita Parish, LA",22073,2152,26.66,37.86,37.94,"3,114.78",28.99,11.64
2017-01-01,"Calcasieu Parish, LA",22019,2987,26.67,38.02,38.24,"3,157.11",27.35,9.9
2017-01-01,"Rankin County, MS",28121,1732,28.23,38.02,38.17,"3,232.17",27.8,12.89
2017-01-01,"Merrimack County, NH",33013,1305,29.62,38.85,39.05,"3,376.12",27.54,12.12
2017-01-01,"Chittenden County, VT",50007,1450,31.02,38.85,39.08,"3,364.83",26.05,12.31
2017-01-01,"Shelby County, TN",47157,13163,27.59,38.18,38.23,"3,136.81",27.55,9.33
2017-01-01,"Androscoggin County, ME",23001,1241,28.38,38.84,39.05,"3,329.48",28.32,11.85
2017-01-01,"Unidentified Counties, NH",33999,2784,28.76,38.84,39.03,"3,334.77",27.19,12.36
2017-01-01,"Ocean County, NJ",34029,8597,29.37,38.84,39.09,"3,339.75",25.27,11
2017-01-01,"Unidentified Counties, VT",50999,4205,29.01,38.84,39.07,"3,349.52",27.62,12.92
2017-01-01,"Sumter County, SC",45085,1386,27.26,38.17,38.24,"3,172.92",29.56,11.33
2017-01-01,"Bonneville County, ID",16019,1876,27.78,38.29,38.25,"3,211.42",26.96,12.03
2017-01-01,"Jefferson County, AL",1073,8706,28.32,38.27,38.25,"3,150.12",27.34,10.47
2017-01-01,"Sedgwick County, KS",20173,6924,27.82,38.27,38.25,"3,267.96",27.25,10.71
2017-01-01,"Charles County, MD",24017,1842,29.26,38.18,38.25,"3,194.89",28.12,10.29
2017-01-01,"Palm Beach County, FL",12099,15050,29.79,38.41,38.5,"3,218.24",26.16,11.2
2017-01-01,"Charleston County, SC",45019,4803,29.85,38.41,38.5,"3,232.43",26.13,11.16
2017-01-01,"Alachua County, FL",12001,2824,28.93,38.32,38.5,"3,203.21",27.06,10.66
2017-01-01,"McLennan County, TX",48309,3446,27.1,38.32,38.5,"3,274.22",27.76,10.69
2017-01-01,"Beaufort County, SC",45013,2012,28.15,38.4,38.5,"3,252.82",26.62,11.85
2017-01-01,"Unidentified Counties, FL",12999,13012,27.15,38.3,38.5,"3,241.23",27.72,10.38
2017-01-01,"Unidentified Counties, KY",21999,33722,26.63,38.21,38.5,"3,258.54",28.06,11.93
2017-01-01,"Erie County, PA",42049,2994,27.95,38.29,38.5,"3,230.67",27.23,10.85
2017-01-01,"Hamilton County, OH",39061,10833,28.79,38.35,38.5,"3,222.59",26.9,11.55
2017-01-01,"Cumberland County, NJ",34011,1839,27.32,38.34,38.5,"3,202.70",28.06,10.21
2017-01-01,"Lake County, OH",39085,2198,29.38,38.49,38.75,"3,301.76",26.88,11.93
2017-01-01,"San Mateo County, CA",6081,8585,32.3,38.65,38.75,"3,279.04",25.1,11.66
2017-01-01,"Yuma County, AZ",4027,2960,27.01,38.56,38.75,"3,365.06",28.26,9.94
2017-01-01,"Benton County, WA",53005,2563,28.24,38.56,38.75,"3,331.30",27.37,11.13
2017-01-01,"Alamance County, NC",37001,1940,28,38.47,38.75,"3,254.35",28.06,11.37
2017-01-01,"Denver County, CO",8031,9594,30.16,38.72,38.75,"3,183.81",25.65,10.35
2017-01-01,"Allegan County, MI",26005,1306,28.1,38.53,38.75,"3,330.01",27.98,11.52
2017-01-01,"Miami County, OH",39109,1154,27.6,38.52,38.75,"3,331.08",27.3,11.5
2017-01-01,"Pinal County, AZ",4021,4392,27.72,38.49,38.58,"3,311.03",27.9,11.8
2017-01-01,"Hillsborough County, FL",12057,17416,28.76,38.4,38.58,"3,221.31",26.52,10.72
2017-01-01,"Aiken County, SC",45003,1860,27.71,38.31,38.58,"3,237.71",27.76,11.1
2017-01-01,"York County, SC",45091,2958,28.82,38.47,38.58,"3,269.78",26.75,11.67
2017-01-01,"Davidson County, NC",37057,1761,27.14,38.21,38.58,"3,217.88",27.98,14.09
2017-01-01,"Fresno County, CA",6019,14541,28.25,38.53,38.58,"3,286.95",28.01,13.75
2017-01-01,"Saginaw County, MI",26145,2244,27.39,38.78,38.58,"3,233.79",28.84,11.68
2017-01-01,"Dallas County, TX",48113,39263,28.28,38.44,38.58,"3,236.84",25.79,9.71
2017-01-01,"Fayette County, GA",13113,886,30.37,38.42,38.58,"3,239.11",26.7,12.29
2017-01-01,"Unidentified Counties, NJ",34999,1477,28.55,38.74,38.83,"3,320.46",27.15,10.29
2017-01-01,"Lane County, OR",41039,3459,28.9,38.72,38.83,"3,347.27",27.03,11.82
2017-01-01,"Chautauqua County, NY",36013,1344,27.36,38.62,38.83,"3,315.20",27.71,11.27
2017-01-01,"Norfolk County, MA",25021,7134,32.28,38.7,38.83,"3,312.66",25.13,12.27
2017-01-01,"Mesa County, CO",8077,1624,27.85,38.69,38.83,"3,223",26.89,10.33
2017-01-01,"Westmoreland County, PA",42129,2953,29.12,38.59,38.83,"3,290.64",26.68,13.03
2017-01-01,"Broward County, FL",12011,22322,30.16,38.33,38.41,"3,189.79",26.24,10.33
2017-01-01,"Peoria County, IL",17143,2533,27.78,38.24,38.41,"3,230.14",28.14,11.21
2017-01-01,"Boone County, MO",29019,2072,29.09,38.48,38.41,"3,266.63",26.43,11.39
2017-01-01,"Brazoria County, TX",48039,4630,28.64,38.22,38.41,"3,247.19",27.24,10.01
2017-01-01,"Cuyahoga County, OH",39035,14550,28.58,38.28,38.41,"3,169.11",27.36,11.52
2017-01-01,"Chatham County, GA",13051,3712,28.21,38.18,38.41,"3,176.98",27.85,9.76
2017-01-01,"Richland County, SC",45079,4646,28.64,38.18,38.41,"3,183.68",28.25,11.37
2017-01-01,"Shelby County, AL",1117,2283,29.49,38.43,38.41,"3,285.29",26.89,10.76
2017-01-01,"Santa Barbara County, CA",6083,5531,28.94,38.58,38.66,"3,291.98",26.71,13.51
2017-01-01,"Ingham County, MI",26065,3237,28.68,38.56,38.66,"3,249.94",27.8,12.82
2017-01-01,"Washington County, AR",5143,3199,27.73,38.45,38.66,"3,285.39",27.18,10.22
2017-01-01,"Jackson County, MI",26075,1772,27.23,38.45,38.66,"3,279.43",27.85,11.94
2017-01-01,"Middlesex County, NJ",34023,9123,30.53,38.53,38.66,"3,230.62",26.28,10.91
2017-01-01,"Erie County, NY",36029,9870,29.3,38.53,38.66,"3,268.14",27.68,10.45
2017-01-01,"Travis County, TX",48453,15142,29.85,38.53,38.66,"3,289.90",25.74,12.4
2017-01-01,"Albany County, NY",36001,3083,30.01,38.61,38.66,"3,286.05",27.36,11.86
2017-01-01,"Cabarrus County, NC",37025,2593,28.97,38.43,38.66,"3,264.88",27.33,11.65
2017-01-01,"Jasper County, MO",29097,1596,26.28,38.42,38.66,"3,316.88",27.44,11.42
2017-01-01,"Unidentified Counties, OH",39999,30558,27.16,38.42,38.66,"3,298.84",27.55,11.48
2017-01-01,"Berkeley County, SC",45015,2697,28.29,38.42,38.66,"3,283.35",27.76,11.3
2017-01-01,"Boulder County, CO",8013,2627,31.37,38.91,38.91,"3,252.12",24.79,10.71
2017-01-01,"Middlesex County, MA",25017,16736,32.06,38.73,38.91,"3,307.86",25.26,12.07
2017-01-01,"Clackamas County, OR",41005,3999,30.16,38.72,38.91,"3,363.45",26.43,11.64
2017-01-01,"Unidentified Counties, ME",23999,3947,27.96,38.71,38.91,"3,333.45",28.08,12.78
2017-01-01,"Snohomish County, WA",53061,9883,30.09,38.71,38.91,"3,347.24",26.39,11.01
2017-01-01,"Multnomah County, OR",41051,8573,30.77,38.78,38.91,"3,327.89",26.03,11.42
2017-01-01,"St. Mary's County, MD",24037,1352,29.2,38.77,38.91,"3,384.63",27.71,11.56
2017-01-01,"Cache County, UT",49005,2194,27.91,38.33,38.49,"3,279.30",26.11,11.6
2017-01-01,"Unidentified Counties, AR",5999,20701,26.11,38.24,38.49,"3,210.47",28.03,10.44
2017-01-01,"Unidentified Counties, KS",20999,16623,27.41,38.48,38.49,"3,308.11",27.61,11.02
2017-01-01,"Milwaukee County, WI",55079,13427,28.34,38.3,38.49,"3,197.99",28.03,11.71
2017-01-01,"Bartow County, GA",13015,1307,27.1,38.37,38.49,"3,282.15",28.02,12.54
2017-01-01,"Baltimore County, MD",24005,9844,29.91,38.37,38.49,"3,238.55",27.25,10.81
2017-01-01,"Unidentified Counties, WV",54999,15385,26.93,38.27,38.49,"3,236.45",27.7,11.57
2017-01-01,"Monroe County, PA",42089,1537,28.79,38.43,38.49,"3,205.47",27.26,10.09
2017-01-01,"District of Columbia, DC",11001,9560,30.41,38.51,38.49,"3,202.25",25.74,10.58
2017-01-01,"Walworth County, WI",55127,917,29.16,38.49,38.74,"3,316.66",27.44,12.07
2017-01-01,"Winnebago County, WI",55139,1833,28.88,38.49,38.74,"3,358.86",27.97,13.3
2017-01-01,"Unidentified Counties, IA",19999,21672,28.23,38.54,38.74,"3,361.09",27.63,11.8
2017-01-01,"Alexandria city, VA",51510,2647,31.63,38.69,38.74,"3,302.56",25.08,11.92
2017-01-01,"Henderson County, NC",37089,1040,28.36,38.52,38.74,"3,271.45",26.58,12.95
2017-01-01,"Waukesha County, WI",55133,3863,31.08,38.51,38.74,"3,347.68",26.47,13.18
2017-01-01,"Sarasota County, FL",12115,2824,29.16,38.59,38.74,"3,312.13",25.75,11.79
2017-01-01,"Iredell County, NC",37097,1858,28.55,38.42,38.74,"3,269.08",27.24,12
2017-01-01,"San Diego County, CA",6073,41230,29.99,38.67,38.74,"3,307.53",25.98,11.86
2017-01-01,"St. Joseph County, IN",18141,3497,27.73,38.5,38.57,"3,261.86",27.39,11.04
2017-01-01,"Oakland County, MI",26125,13235,30.49,38.5,38.57,"3,273.54",26.14,13.15
2017-01-01,"Unidentified Counties, IL",17999,21878,27.51,38.33,38.57,"3,293.57",28.19,12.11
2017-01-01,"Leon County, FL",12073,3132,28.54,38.41,38.57,"3,214.11",27.21,10.77
2017-01-01,"Larimer County, CO",8069,3313,29.87,38.56,38.57,"3,210.48",25.68,12.19
2017-01-01,"Unidentified Counties, UT",49999,6570,28.01,38.39,38.57,"3,241.69",26.3,11.11
2017-01-01,"Craven County, NC",37049,1386,27.2,38.46,38.57,"3,259.14",27.41,12.66
2017-01-01,"Tippecanoe County, IN",18157,2240,28.41,38.44,38.57,"3,262.99",27.26,11.16
2017-01-01,"Cook County, IL",17031,64374,29.79,38.43,38.57,"3,233.49",27.01,10.86
2017-01-01,"Orange County, NC",37135,1179,30.94,38.66,38.82,"3,316.87",25.54,11.55
2017-01-01,"Johnson County, IA",19103,1751,30.37,38.65,38.82,"3,328.34",25.89,11.05
2017-01-01,"Morris County, NJ",34027,4636,32.19,38.64,38.82,"3,304.49",25.5,11.16
2017-01-01,"Butler County, PA",42019,1742,29.88,38.62,38.82,"3,335.51",26.48,12.32
2017-01-01,"Rock County, WI",55105,1911,27.94,38.53,38.82,"3,315.43",28.63,11.91
2017-01-01,"Cumberland County, NC",37051,5506,26.98,38.35,38.82,"3,229",27.07,11.56
2017-01-01,"Berrien County, MI",26021,1737,27.88,38.68,38.82,"3,315.07",28.46,11.4
2017-01-01,"Calhoun County, AL",1015,1338,26.46,38.25,38.4,"3,194.95",28.74,10.76
2017-01-01,"Guadalupe County, TX",48187,1773,28.33,38.2,38.4,"3,247.81",27.38,10.51
2017-01-01,"Prince George's County, MD",24033,12393,29.5,38.36,38.4,"3,204.24",27.78,10.25
2017-01-01,"Taylor County, TX",48441,2094,26.85,38.26,38.4,"3,245.03",27.36,9.43
2017-01-01,"Cobb County, GA",13067,9588,30.04,38.41,38.65,"3,232.68",26.73,12.76
2017-01-01,"Weber County, UT",49057,3766,27.69,38.41,38.65,"3,254.74",26.6,11.17
2017-01-01,"Unidentified Counties, MT",30999,8763,28.29,38.57,38.65,"3,270.57",26.54,10.91
2017-01-01,"Linn County, IA",19113,2799,28.77,38.56,38.65,"3,372.50",27.28,12.4
2017-01-01,"Butler County, OH",39017,4466,28.22,38.47,38.65,"3,290.61",27.19,11.84
2017-01-01,"Kern County, CA",6029,13326,27.57,38.55,38.65,"3,274.54",28.24,11.37
2017-01-01,"Riverside County, CA",6065,29857,28.85,38.55,38.65,"3,292.58",27.09,11.41
2017-01-01,"Forsyth County, GA",13117,2302,30.96,38.46,38.65,"3,322.58",26.21,12.73
2017-01-01,"Prince William County, VA",51153,6675,29.98,38.46,38.65,"3,282.03",26.87,11.11
2017-01-01,"Montgomery County, MD",24031,12681,31.6,38.53,38.65,"3,278.47",25.62,11.42
2017-01-01,"Mecklenburg County, NC",37119,14753,29.67,38.53,38.65,"3,228.30",26.21,12.19
2017-01-01,"Santa Rosa County, FL",12113,1924,28.29,38.36,38.65,"3,319.82",26.76,11.38
2017-01-01,"Cecil County, MD",24015,1145,28.26,38.44,38.65,"3,304.58",27.46,10.77
2017-01-01,"Atlantic County, NJ",34001,2804,29.26,38.52,38.65,"3,262.73",27.03,10.15
2017-01-01,"Lebanon County, PA",42075,1581,28.09,38.52,38.65,"3,281.70",27,11.64
2017-01-01,"Volusia County, FL",12127,4986,28.15,38.43,38.65,"3,255.74",26.75,11.26
2017-01-01,"Unidentified Counties, WA",53999,12382,28.1,38.66,38.9,"3,349.30",27.33,10.94
2017-01-01,"San Luis Obispo County, CA",6079,2550,30.13,38.82,38.9,"3,371.53",25.84,12.42
2017-01-01,"St. Louis County, MN",27137,1989,28.66,38.64,38.9,"3,365.23",27.62,11.8
2017-01-01,"Unidentified Counties, RI",44999,1061,30.9,38.79,38.9,"3,357.10",25.56,13.01
2017-01-01,"Litchfield County, CT",9005,1402,30.25,38.7,38.9,"3,326.81",26.79,12.5
2017-01-01,"Middlesex County, CT",9007,1255,31.42,38.77,38.9,"3,354.08",26.36,12.92
2017-01-01,"Unidentified Counties, PA",42999,16218,27.69,38.68,38.9,"3,313.16",27.47,11.21
2017-01-01,"Canadian County, OK",40017,1763,28.2,38.25,38.48,"3,308.06",27.28,10.59
2017-01-01,"Madison County, IL",17119,2892,28.34,38.33,38.48,"3,260",28.08,10.6
2017-01-01,"Wilson County, TN",47189,1567,28.86,38.39,38.48,"3,310.37",26.9,12
2017-01-01,"Sumner County, TN",47165,2193,28.24,38.3,38.48,"3,299.69",26.63,10.18
2017-01-01,"Etowah County, AL",1055,1213,26.29,38.29,38.48,"3,228.29",29.01,9.69
2017-01-01,"Grayson County, TX",48181,1580,27.12,38.28,38.48,"3,246.80",27.38,11.55
2017-01-01,"Clay County, FL",12019,2197,28.41,38.35,38.48,"3,278.69",27.2,10.61
2017-01-01,"Niagara County, NY",36063,2114,28.5,38.57,38.73,"3,288.72",28.21,10.01
2017-01-01,"Orange County, CA",6059,37369,30.8,38.65,38.73,"3,295.73",25.21,12.49
2017-01-01,"Kings County, CA",6031,2373,27.57,38.55,38.73,"3,332.21",28.26,12.81
2017-01-01,"Rowan County, NC",37159,1587,27.2,38.38,38.73,"3,236.94",28.19,11.35
2017-01-01,"Hunterdon County, NJ",34019,952,32.19,38.62,38.73,"3,346.15",25.52,12.02
2017-01-01,"Parker County, TX",48367,1498,28.32,38.45,38.73,"3,311.31",26.74,10.6
2017-01-01,"Luzerne County, PA",42079,3284,28.01,38.53,38.73,"3,260.51",27.23,11.96
2017-01-01,"Carroll County, GA",13045,1613,26.99,38.61,38.73,"3,279.65",27.93,11.19
2017-01-01,"Unidentified Counties, NE",31999,11002,27.98,38.61,38.73,"3,331.32",27.39,11.03
2017-01-01,"Unidentified Counties, ID",16999,10587,27.43,38.6,38.73,"3,293.63",27,11.1
2017-01-01,"St. Clair County, MI",26147,1462,27.79,38.51,38.73,"3,320.36",27.72,11.35
2017-01-01,"Anchorage Borough, AK",2020,4136,28.92,38.59,38.73,"3,354.98",27.47,11.18
2017-01-01,"Stafford County, VA",51179,1746,29.37,38.57,38.98,"3,334.69",27.09,11.55
2017-01-01,"Ontario County, NY",36069,984,29.5,38.73,38.98,"3,353.72",27.29,10.93
2017-01-01,"Martin County, FL",12085,1271,28.92,38.72,38.98,"3,298.89",25.88,10.69
2017-01-01,"Unidentified Counties, MA",25999,866,30.53,38.97,38.98,"3,375.15",26.3,12.99
2017-01-01,"Thurston County, WA",53067,3067,28.89,38.8,38.98,"3,378.33",26.97,11.52
2017-01-01,"Sonoma County, CA",6097,4642,30.48,38.86,38.98,"3,379.52",26.88,11.48
2017-01-01,"Tuscaloosa County, AL",1125,2538,27.43,38.16,38.31,"3,181.21",27.98,9.65
2017-01-01,"Unidentified Counties, SC",45999,13038,26.76,38.16,38.31,"3,161.24",28.83,11.97
2017-01-01,"Vigo County, IN",18167,1224,26.73,38.23,38.31,"3,247.47",28.35,10.78
2017-01-01,"Tulsa County, OK",40143,9120,27.95,38.22,38.31,"3,259.65",27.42,10.96
2017-01-01,"Rutherford County, TN",47149,4030,28.33,38.19,38.31,"3,245.39",27.05,10.67
2017-01-01,"Hamilton County, IN",18057,3835,31.08,38.5,38.56,"3,332.19",26.17,12.4
2017-01-01,"Wood County, OH",39173,1401,28.86,38.4,38.56,"3,311.58",27.14,12.67
2017-01-01,"Will County, IL",17197,7427,29.91,38.39,38.56,"3,306.95",27.16,11.18
2017-01-01,"Monroe County, MI",26115,1482,28.25,38.39,38.56,"3,322.24",28.13,12.79
2017-01-01,"New Castle County, DE",10003,6431,29.34,38.47,38.56,"3,253.67",27.41,11.01
2017-01-01,"Dona Ana County, NM",35013,2674,26.69,38.38,38.56,"3,208.36",27.01,11.11
2017-01-01,"Newport News city, VA",51700,2717,27.63,38.38,38.56,"3,198.80",28.4,11.63
2017-01-01,"Douglas County, CO",8035,3368,31.46,38.54,38.56,"3,215.52",24.95,11.04
2017-01-01,"Lee County, AL",1081,1898,28.1,38.36,38.56,"3,230.81",27.04,12.65
2017-01-01,"Lubbock County, TX",48303,4017,26.93,38.44,38.56,"3,242.03",27.44,10.71
2017-01-01,"Unidentified Counties, NC",37999,31498,27.31,38.35,38.56,"3,227.15",28.13,12.01
2017-01-01,"Adams County, PA",42001,972,28.19,38.57,38.81,"3,312.75",27.23,11.64
2017-01-01,"Kennebec County, ME",23011,1132,28.17,38.56,38.81,"3,319.82",28.53,12.61
2017-01-01,"York County, ME",23031,1812,29.07,38.64,38.81,"3,348.42",27.56,12.37
2017-01-01,"Monterey County, CA",6053,5810,28.66,38.72,38.81,"3,342.63",27.87,12.01
2017-01-01,"Portage County, OH",39133,1351,28.74,38.62,38.81,"3,315.36",26.96,12.19
2017-01-01,"Spotsylvania County, VA",51177,1505,28.91,38.45,38.81,"3,317.05",27.73,11.6
2017-01-01,"Monroe County, NY",36055,7893,29.36,38.61,38.81,"3,268.95",27.25,10.87
2017-01-01,"Franklin County, PA",42055,1786,27.99,38.6,38.81,"3,328.97",27.38,11.35
2017-01-01,"Bibb County, GA",13021,2244,27.07,38,38.39,"3,074.98",28.4,12.06
2017-01-01,"St. Louis County, MO",29189,11374,29.56,38.32,38.39,"3,226.98",26.67,11.16
2017-01-01,"Lexington County, SC",45063,3210,28.31,38.32,38.39,"3,285.83",27.82,11.76
2017-01-01,"Lowndes County, GA",13185,1671,27.13,38.23,38.39,"3,195.21",28.6,12.36
2017-01-01,"Gregg County, TX",48183,1623,26.62,38.14,38.39,"3,237.22",27.81,11.75
2017-01-01,"Cleveland County, OK",40027,2781,28.39,38.3,38.39,"3,288.12",27.17,11.11
2017-01-01,"Jefferson Parish, LA",22051,5835,28.46,38.28,38.39,"3,195.16",27.61,11.55
2017-01-01,"Unidentified Counties, TX",48999,56751,26.73,38.27,38.39,"3,245.12",27.83,10.53
2017-01-01,"Robeson County, NC",37155,1782,26.14,38.26,38.39,"3,128.56",28.49,9.51
2017-01-01,"Mercer County, NJ",34021,4081,30,38.5,38.64,"3,231.92",26.7,11.14
2017-01-01,"Washington County, UT",49053,2202,28.09,38.5,38.64,"3,316.69",25.64,11.19
2017-01-01,"Johnson County, KS",20091,7223,30.48,38.58,38.64,"3,344.23",25.89,11.86
2017-01-01,"Jefferson County, KY",21111,9908,28.54,38.32,38.64,"3,246",27.05,11.8
2017-01-01,"Honolulu County, HI",15003,12487,29.48,38.4,38.64,"3,229.87",26.52,10.79
2017-01-01,"Merced County, CA",6047,4202,27.94,38.48,38.64,"3,294.53",29.09,10.45
2017-01-01,"Los Angeles County, CA",6037,116950,30.11,38.56,38.64,"3,259.04",26.38,12.12
2017-01-01,"Camden County, NJ",34007,6022,29.48,38.47,38.64,"3,239.50",27.65,10.09
2017-01-01,"Whitfield County, GA",13313,1357,26.98,38.3,38.64,"3,275.76",28.96,12.25
2017-01-01,"Somerset County, NJ",34035,3068,31.88,38.54,38.64,"3,267.12",25.99,11.12
2017-01-01,"Washington County, MD",24043,1638,27.85,38.45,38.64,"3,258.96",27.7,11.56
2017-01-01,"Kendall County, IL",17093,1481,30.46,38.44,38.64,"3,347.17",27.54,12.24
2017-01-01,"Unidentified Counties, IN",18999,29270,27.2,38.52,38.64,"3,307.62",27.7,11.46
2017-01-01,"Cochise County, AZ",4003,1335,27.28,38.59,38.64,"3,240.94",26.75,9.23
2017-01-01,"Washington County, MN",27163,2724,30.65,38.65,38.89,"3,374.51",26.84,11.99
2017-01-01,"Ada County, ID",16001,4842,29.38,38.69,38.89,"3,336.35",25.96,12.2
2017-01-01,"Cumberland County, PA",42041,2612,29.47,38.69,38.89,"3,335.63",26.8,10.53
2017-01-01,"Chester County, PA",42029,5323,30.88,38.76,38.89,"3,343.40",25.41,9.71
2017-01-01,"Jackson County, MS",28059,1661,27.07,38.23,38.47,"3,187.81",27.35,11.9
2017-01-01,"Henry County, GA",13151,2581,28.34,38.21,38.47,"3,186.61",27.79,11.15
2017-01-01,"St. Tammany Parish, LA",22103,2865,29.1,38.29,38.47,"3,270.15",26.76,10.93
2017-01-01,"Douglas County, KS",20045,1134,29.43,38.44,38.47,"3,311.79",26.52,11.56
2017-01-01,"Orange County, FL",12095,16890,29.26,38.35,38.47,"3,228.33",26.51,9.81
2017-01-01,"Navajo County, AZ",4017,1508,26.94,38.42,38.47,"3,223.79",28.43,9.86
2017-01-01,"DeKalb County, GA",13089,10933,29.45,38.42,38.47,"3,171.89",26.54,10.64
2017-01-01,"Calhoun County, MI",26025,1535,27.18,38.5,38.72,"3,263.08",28.57,13.64
2017-01-01,"Santa Clara County, CA",6085,22133,31.53,38.66,38.72,"3,268.03",25.33,12.25
2017-01-01,"Yavapai County, AZ",4025,1798,27.34,38.49,38.72,"3,254.48",26.33,11.76
2017-01-01,"Eaton County, MI",26045,1097,28.4,38.56,38.72,"3,326.96",27.77,13.27
2017-01-01,"Washoe County, NV",32031,5210,28.72,38.47,38.72,"3,231.25",27.16,10.03
2017-01-01,"Warren County, NJ",34041,935,30.3,38.63,38.72,"3,301.33",27.06,11.68
2017-01-01,"Fond du Lac County, WI",55039,1066,28.45,38.54,38.72,"3,324.20",28.14,11.2
2017-01-01,"Adams County, CO",8001,6610,28.69,38.62,38.72,"3,198.41",27.2,10.16
2017-01-01,"Paulding County, GA",13223,1602,28.55,38.43,38.72,"3,311.38",27.63,13.49
2017-01-01,"Greene County, OH",39057,1744,28.72,38.51,38.72,"3,365.50",27.35,12.15
2017-01-01,"Weld County, CO",8123,4250,28.22,38.67,38.72,"3,241.30",26.98,11.74
2017-01-01,"Unidentified Counties, NY",36999,17960,28.3,38.75,38.97,"3,354.45",28.19,11.61
2017-01-01,"Barnstable County, MA",25001,1546,30.6,38.79,38.97,"3,374.60",26.22,11.2
2017-01-01,"Hillsborough County, NH",33011,4178,29.53,38.79,38.97,"3,330.23",27.07,12.71
2017-01-01,"Blair County, PA",42013,1205,27.78,38.79,38.97,"3,329.72",26.87,11.38
2017-01-01,"Bay County, MI",26017,1009,27.75,38.86,38.97,"3,352.02",28.28,12.84
2017-01-01,"Maricopa County, AZ",4013,52633,28.53,38.49,38.55,"3,283.31",26.84,11.2
2017-01-01,"Unidentified Counties, AZ",4999,3002,27.15,38.4,38.55,"3,256.95",27.72,9.04
2017-01-01,"Williamson County, TX",48491,6432,30.01,38.4,38.55,"3,288.11",26.26,12.54
2017-01-01,"Hendricks County, IN",18063,1720,29.42,38.48,38.55,"3,355.44",27.51,12.13
2017-01-01,"Hudson County, NJ",34017,10165,30.86,38.48,38.55,"3,210.89",25.47,10.28
2017-01-01,"Licking County, OH",39089,1866,27.98,38.48,38.55,"3,307.93",27.56,10.59
2017-01-01,"Richland County, OH",39139,1317,26.79,38.29,38.55,"3,249.85",27.11,11.2
2017-01-01,"Kane County, IL",17089,6339,29.46,38.37,38.55,"3,319.70",27.62,11.37
2017-01-01,"Comal County, TX",48091,1480,28.94,38.37,38.55,"3,306.06",26.66,10.36
2017-01-01,"Douglas County, GA",13097,1729,28.38,38.34,38.55,"3,210.28",27.93,11.93
2017-01-01,"Pickens County, SC",45077,1169,27.17,38.5,38.8,"3,316.92",27.73,13.27
2017-01-01,"New Haven County, CT",9009,8641,29.85,38.58,38.8,"3,254.54",27.27,13
2017-01-01,"Wayne County, NC",37191,1611,27.1,38.48,38.8,"3,240.21",28,11.14
2017-01-01,"Jackson County, OR",41029,2252,28.32,38.63,38.8,"3,305.72",26.47,11.09
2017-01-01,"Madera County, CA",6039,2120,27.98,38.71,38.8,"3,319.43",28.23,11.48
2017-01-01,"Oneida County, NY",36065,2555,28.24,38.62,38.8,"3,301.61",28.03,11.87
2017-01-01,"Hennepin County, MN",27053,16322,30.71,38.69,38.8,"3,306.71",26.37,11.92
2017-01-01,"Washington County, TN",47179,1236,27.84,38.52,38.8,"3,294.27",26.77,10.33
2017-01-01,"Washington County, WI",55131,1291,30.21,38.59,38.8,"3,361.04",27.03,12.65
2017-01-01,"Oklahoma County, OK",40109,11554,27.96,38.25,38.38,"3,235.56",27.36,10.66
2017-01-01,"Wyandotte County, KS",20209,2541,27.27,38.41,38.38,"3,237.40",28.22,10.38
2017-01-01,"Jefferson County, TX",48245,3475,27.1,38.31,38.38,"3,185.05",27.46,10.31
2017-01-01,"Pasco County, FL",12101,5140,28.67,38.41,38.63,"3,256.37",26.71,10.94
2017-01-01,"Scott County, IA",19163,2117,28.38,38.4,38.63,"3,308.26",27.47,12.66
2017-01-01,"Greene County, MO",29077,3339,27.75,38.48,38.63,"3,317.55",27,11.67
2017-01-01,"Bergen County, NJ",34003,9339,32.1,38.48,38.63,"3,255.47",25.1,11.35
2017-01-01,"Seminole County, FL",12117,4774,29.89,38.47,38.63,"3,276.42",26.44,10.5
2017-01-01,"Broome County, NY",36007,1979,28.59,38.46,38.63,"3,285.65",28.05,11.15
2017-01-01,"Utah County, UT",49049,11618,28.43,38.46,38.63,"3,296.09",25.29,11.5
2017-01-01,"Tazewell County, IL",17179,1450,28.36,38.54,38.63,"3,375.52",28.18,12.18
2017-01-01,"Buncombe County, NC",37021,2393,29.41,38.53,38.63,"3,257.96",25.58,13.06
2017-01-01,"Anderson County, SC",45007,2298,27.22,38.36,38.63,"3,252.61",27.9,12.3
2017-01-01,"Cherokee County, GA",13057,2582,29.65,38.44,38.63,"3,323.24",26.51,12.2
2017-01-01,"Fayette County, PA",42051,1296,27.15,38.43,38.63,"3,248.56",27.62,12.33
2017-01-01,"Pierce County, WA",53053,11297,28.68,38.66,38.88,"3,345.86",27.51,11.56
2017-01-01,"Monroe County, IN",18105,1249,28.94,38.82,38.88,"3,388.94",27.13,12.94
2017-01-01,"Centre County, PA",42027,1171,30.25,38.87,38.88,"3,350.12",25.8,12.87
2017-01-01,"Essex County, MA",25009,8655,30.28,38.7,38.88,"3,313.41",26.35,11.71
2017-01-01,"Arlington County, VA",51013,2990,32.47,38.7,38.88,"3,296.85",24.31,10.97
2017-01-01,"Marion County, OR",41047,4467,28.32,38.59,38.88,"3,341.31",28.05,11.74
2017-01-01,"Smith County, TX",48423,3055,27.61,38.25,38.46,"3,254.76",27.81,11.32
2017-01-01,"DeSoto County, MS",28033,2128,27.97,38.33,38.46,"3,250.69",27.71,10.96
2017-01-01,"Unidentified Counties, TN",47999,30776,26.65,38.28,38.46,"3,250.13",27.62,11.37
2017-01-01,"Charlotte County, FL",12015,1060,27.59,38.35,38.46,"3,223.87",27.22,10.29
2017-01-01,"Unidentified Counties, OK",40999,23261,26.52,38.26,38.46,"3,279.54",27.9,10.77
2017-01-01,"Brevard County, FL",12009,5201,28.57,38.5,38.71,"3,271.27",26.43,11.63
2017-01-01,"New York County, NY",36061,17504,32.38,38.66,38.71,"3,226.79",23.92,11.68
2017-01-01,"Manatee County, FL",12081,3476,28.23,38.49,38.71,"3,275.26",26.96,11.02
2017-01-01,"Rensselaer County, NY",36083,1589,29.3,38.57,38.71,"3,313.27",27.78,11.59
2017-01-01,"Warren County, OH",39165,2262,29.9,38.54,38.71,"3,347",26.45,12.31
2017-01-01,"Unidentified Counties, VA",51999,38295,28.18,38.54,38.71,"3,280.12",27.89,11.55
2017-01-01,"Elkhart County, IN",18039,3087,27.24,38.62,38.71,"3,322.95",27.82,11.18
2017-01-01,"DuPage County, IL",17043,10337,31.15,38.52,38.71,"3,305.99",26.17,12.21
2017-01-01,"Minnehaha County, SD",46099,2911,28.75,38.77,38.71,"3,351.95",26.24,11.38
2017-01-01,"Kent County, RI",44003,1552,29.95,38.73,38.96,"3,356.06",26.61,12.6
2017-01-01,"Sheboygan County, WI",55117,1204,28.44,38.78,38.96,"3,373.81",27.21,12.12
2017-01-01,"Skagit County, WA",53057,1429,28.35,38.76,38.96,"3,385.30",27.67,9.97
2017-01-01,"Trumbull County, OH",39155,2107,27.39,38.24,38.29,"3,241.18",27.85,12.38
2017-01-01,"Tom Green County, TX",48451,1558,27.25,38.15,38.29,"3,230.33",27.75,10.61
2017-01-01,"Unidentified Counties, AL",1999,22881,26.56,38.18,38.29,"3,192.85",28.23,10.61
2017-01-01,"Lee County, FL",12071,6681,28.47,38.4,38.54,"3,252.11",27.02,10.22
2017-01-01,"Bell County, TX",48027,5976,26.98,38.37,38.54,"3,238.23",27.07,11.14
2017-01-01,"Tarrant County, TX",48439,27820,28.54,38.37,38.54,"3,249.84",27.14,9.43
2017-01-01,"San Juan County, NM",35045,1472,27.33,38.52,38.54,"3,212.71",28.07,9.72
2017-01-01,"Fayette County, KY",21067,3912,28.95,38.35,38.54,"3,270.64",26.7,12.02
2017-01-01,"Comanche County, OK",40031,1735,26.53,38.35,38.54,"3,258.36",27.62,10.81
2017-01-01,"Davis County, UT",49011,5481,28.96,38.35,38.54,"3,270.20",25.91,11.5
2017-01-01,"Shasta County, CA",6089,2008,28.17,38.74,38.79,"3,329.18",26.56,10.86
2017-01-01,"Hampden County, MA",25013,4975,28.47,38.57,38.79,"3,261.14",27.62,11.66
2017-01-01,"Jefferson County, CO",8059,5819,30.61,38.82,38.79,"3,218.26",25.48,10.5
2017-01-01,"Schenectady County, NY",36093,1814,29.33,38.65,38.79,"3,284.74",28.01,12.2
2017-01-01,"Chesterfield County, VA",51041,3845,29.71,38.39,38.79,"3,283.48",27.53,11.34
2017-01-01,"Suffolk County, MA",25025,9359,30.88,38.64,38.79,"3,264.05",26.06,12.34
2017-01-01,"Medina County, OH",39103,1720,29.9,38.64,38.79,"3,362.67",26.23,11.97
2017-01-01,"Washington County, OR",41067,6570,30.47,38.79,38.79,"3,333.53",26.23,11.06
2017-01-01,"Pulaski County, AR",5119,5259,27.82,38.27,38.79,"3,184.81",26.7,10.78
2017-01-01,"Union County, NC",37179,2382,29.42,38.59,38.79,"3,306.63",26.93,12.34
2017-01-01,"Columbia County, GA",13073,1666,29.45,38.42,38.79,"3,301.36",26.66,11.41
2017-01-01,"Livingston Parish, LA",22063,1828,27.43,38.24,38.37,"3,245.16",27.67,10.91
2017-01-01,"Horry County, SC",45051,3167,27.92,38.24,38.37,"3,239.60",27.55,12.38
2017-01-01,"Clayton County, GA",13063,3813,27.75,38.15,38.37,"3,107.68",28.37,9.62
2017-01-01,"Pueblo County, CO",8101,1776,27.14,38.38,38.37,"3,109.73",27.39,9.79
2017-01-01,"Lafayette Parish, LA",22055,3339,28.22,38.41,38.62,"3,254.73",26.64,14.98
2017-01-01,"Delaware County, OH",39041,2074,31.01,38.49,38.62,"3,328.05",25.59,11.46
2017-01-01,"Fulton County, GA",13121,13363,29.87,38.37,38.62,"3,158.23",26.4,10.91
2017-01-01,"Polk County, FL",12105,7849,27.52,38.45,38.62,"3,264.72",27.83,10.4
2017-01-01,"Dauphin County, PA",42043,3404,28.42,38.45,38.62,"3,236.43",27.28,10.55
2017-01-01,"Chesapeake city, VA",51550,2902,28.89,38.36,38.62,"3,255.96",27.09,12.48
2017-01-01,"Howard County, MD",24027,3528,31.67,38.44,38.62,"3,259.67",25.83,10.24
2017-01-01,"Lake County, IL",17097,7607,30.15,38.43,38.62,"3,285.25",27.17,11.81
2017-01-01,"Clark County, OH",39023,1614,26.33,38.34,38.62,"3,251.49",28.23,10.19
2017-01-01,"Cambria County, PA",42021,1271,27.77,38.34,38.62,"3,212.68",27.45,11.09
2017-01-01,"Maui County, HI",15009,1883,29.25,38.5,38.87,"3,231.44",26.12,11.9
2017-01-01,"Harnett County, NC",37085,1886,28.13,38.41,38.87,"3,289.88",27.19,11.08
2017-01-01,"Butte County, CA",6007,2386,28.79,38.8,38.87,"3,339.08",27.35,11.22
2017-01-01,"Napa County, CA",6055,1291,30.51,38.7,38.87,"3,348.74",26.78,12.45
2017-01-01,"Lancaster County, PA",42071,7258,28.81,38.7,38.87,"3,359.21",26.07,11.15
2017-01-01,"Saline County, AR",5125,1275,28.22,38.28,38.87,"3,276.52",26.11,11.33